T5,T5_units,P5,P5_units,composition,phi,tau,tau_units,ignition_type,ignition_target,ignition_amount,ignition_units,filename
943,K,22.3,atm,"H2:0.0733, CO:0.0971, CO2:0.0198, O2:0.1701, N2:0.6397",0.5008818342151675,3340.0,us,d/dt max,P;,,,x10001001.xml
947,K,20.9,atm,"H2:0.0733, CO:0.0971, CO2:0.0198, O2:0.1701, N2:0.6397",0.5008818342151675,3520.0,us,d/dt max,P;,,,x10001001.xml
962,K,28.9,atm,"H2:0.0733, CO:0.0971, CO2:0.0198, O2:0.1701, N2:0.6397",0.5008818342151675,2460.0,us,d/dt max,P;,,,x10001001.xml
987,K,23.8,atm,"H2:0.0733, CO:0.0971, CO2:0.0198, O2:0.1701, N2:0.6397",0.5008818342151675,2010.0,us,d/dt max,P;,,,x10001001.xml
990,K,20.9,atm,"H2:0.0733, CO:0.0971, CO2:0.0198, O2:0.1701, N2:0.6397",0.5008818342151675,1970.0,us,d/dt max,P;,,,x10001001.xml
1001,K,20.9,atm,"H2:0.0733, CO:0.0971, CO2:0.0198, O2:0.1701, N2:0.6397",0.5008818342151675,1880.0,us,d/dt max,P;,,,x10001001.xml
1013,K,21.6,atm,"H2:0.0733, CO:0.0971, CO2:0.0198, O2:0.1701, N2:0.6397",0.5008818342151675,2030.0,us,d/dt max,P;,,,x10001001.xml
1019,K,32.7,atm,"H2:0.0733, CO:0.0971, CO2:0.0198, O2:0.1701, N2:0.6397",0.5008818342151675,1570.0,us,d/dt max,P;,,,x10001001.xml
1024,K,16.5,atm,"H2:0.0733, CO:0.0971, CO2:0.0198, O2:0.1701, N2:0.6397",0.5008818342151675,2380.0,us,d/dt max,P;,,,x10001001.xml
1033,K,23.7,atm,"H2:0.0733, CO:0.0971, CO2:0.0198, O2:0.1701, N2:0.6397",0.5008818342151675,2150.0,us,d/dt max,P;,,,x10001001.xml
1053,K,18.7,atm,"H2:0.0733, CO:0.0971, CO2:0.0198, O2:0.1701, N2:0.6397",0.5008818342151675,1560.0,us,d/dt max,P;,,,x10001001.xml
1059,K,20.1,atm,"H2:0.0733, CO:0.0971, CO2:0.0198, O2:0.1701, N2:0.6397",0.5008818342151675,1250.0,us,d/dt max,P;,,,x10001001.xml
1148,K,21.4,atm,"H2:0.0733, CO:0.0971, CO2:0.0198, O2:0.1701, N2:0.6397",0.5008818342151675,380.0,us,d/dt max,P;,,,x10001001.xml
1040,K,13.4,bar,"H2:0.003, CO:0.0562, O2:0.0296, Ar:0.9112",1.0,5027.0,us,max,OHEX;,,,x10001021_x.xml
1043,K,14.97,bar,"H2:0.003, CO:0.0562, O2:0.0296, Ar:0.9112",1.0,5783.0,us,max,OHEX;,,,x10001021_x.xml
1044,K,14.25,bar,"H2:0.003, CO:0.0562, O2:0.0296, Ar:0.9112",1.0,5250.0,us,max,OHEX;,,,x10001021_x.xml
1056,K,14.7,bar,"H2:0.003, CO:0.0562, O2:0.0296, Ar:0.9112",1.0,4618.0,us,max,OHEX;,,,x10001021_x.xml
1092,K,14.61,bar,"H2:0.003, CO:0.0562, O2:0.0296, Ar:0.9112",1.0,3129.0,us,max,OHEX;,,,x10001021_x.xml
1117,K,14.21,bar,"H2:0.003, CO:0.0562, O2:0.0296, Ar:0.9112",1.0,1923.0,us,max,OHEX;,,,x10001021_x.xml
1148,K,14.16,bar,"H2:0.003, CO:0.0562, O2:0.0296, Ar:0.9112",1.0,786.0,us,max,OHEX;,,,x10001021_x.xml
1195,K,14.61,bar,"H2:0.003, CO:0.0562, O2:0.0296, Ar:0.9112",1.0,318.0,us,max,OHEX;,,,x10001021_x.xml
1202,K,14.03,bar,"H2:0.003, CO:0.0562, O2:0.0296, Ar:0.9112",1.0,237.0,us,max,OHEX;,,,x10001021_x.xml
1212,K,14.44,bar,"H2:0.003, CO:0.0562, O2:0.0296, Ar:0.9112",1.0,229.0,us,max,OHEX;,,,x10001021_x.xml
1250,K,14.02,bar,"H2:0.003, CO:0.0562, O2:0.0296, Ar:0.9112",1.0,146.0,us,max,OHEX;,,,x10001021_x.xml
1324,K,15.29,bar,"H2:0.003, CO:0.0562, O2:0.0296, Ar:0.9112",1.0,78.0,us,max,OHEX;,,,x10001021_x.xml
1354,K,16.04,bar,"H2:0.003, CO:0.0562, O2:0.0296, Ar:0.9112",1.0,64.0,us,max,OHEX;,,,x10001021_x.xml
1359,K,15.85,bar,"H2:0.003, CO:0.0562, O2:0.0296, Ar:0.9112",1.0,58.0,us,max,OHEX;,,,x10001021_x.xml
1438,K,14.02,bar,"H2:0.003, CO:0.0562, O2:0.0296, Ar:0.9112",1.0,36.0,us,max,OHEX;,,,x10001021_x.xml
991,K,3.51,bar,"H2:0.003, CO:0.0562, O2:0.0296, Ar:0.9112",1.0,4367.0,us,max,OHEX;,,,x10001022.xml
1018,K,3.63,bar,"H2:0.003, CO:0.0562, O2:0.0296, Ar:0.9112",1.0,2865.0,us,max,OHEX;,,,x10001022.xml
1031,K,3.56,bar,"H2:0.003, CO:0.0562, O2:0.0296, Ar:0.9112",1.0,2143.0,us,max,OHEX;,,,x10001022.xml
1057,K,3.64,bar,"H2:0.003, CO:0.0562, O2:0.0296, Ar:0.9112",1.0,1582.0,us,max,OHEX;,,,x10001022.xml
1079,K,3.63,bar,"H2:0.003, CO:0.0562, O2:0.0296, Ar:0.9112",1.0,1051.0,us,max,OHEX;,,,x10001022.xml
1144,K,3.71,bar,"H2:0.003, CO:0.0562, O2:0.0296, Ar:0.9112",1.0,559.0,us,max,OHEX;,,,x10001022.xml
1147,K,3.75,bar,"H2:0.003, CO:0.0562, O2:0.0296, Ar:0.9112",1.0,590.0,us,max,OHEX;,,,x10001022.xml
1240,K,3.79,bar,"H2:0.003, CO:0.0562, O2:0.0296, Ar:0.9112",1.0,329.0,us,max,OHEX;,,,x10001022.xml
1254,K,3.46,bar,"H2:0.003, CO:0.0562, O2:0.0296, Ar:0.9112",1.0,314.0,us,max,OHEX;,,,x10001022.xml
1371,K,3.6,bar,"H2:0.003, CO:0.0562, O2:0.0296, Ar:0.9112",1.0,197.0,us,max,OHEX;,,,x10001022.xml
1456,K,3.44,bar,"H2:0.003, CO:0.0562, O2:0.0296, Ar:0.9112",1.0,167.0,us,max,OHEX;,,,x10001022.xml
1471,K,3.67,bar,"H2:0.003, CO:0.0562, O2:0.0296, Ar:0.9112",1.0,150.0,us,max,OHEX;,,,x10001022.xml
1649,K,4.13,bar,"H2:0.003, CO:0.0562, O2:0.0296, Ar:0.9112",1.0,89.0,us,max,OHEX;,,,x10001022.xml
1763,K,4.25,bar,"H2:0.003, CO:0.0562, O2:0.0296, Ar:0.9112",1.0,75.0,us,max,OHEX;,,,x10001022.xml
1934,K,4.18,bar,"H2:0.003, CO:0.0562, O2:0.0296, Ar:0.9112",1.0,56.0,us,max,OHEX;,,,x10001022.xml
957,K,0.92,bar,"H2:0.003, CO:0.0562, O2:0.0296, Ar:0.9112",1.0,6497.0,us,max,OHEX;,,,x10001023.xml
975,K,0.9,bar,"H2:0.003, CO:0.0562, O2:0.0296, Ar:0.9112",1.0,5699.0,us,max,OHEX;,,,x10001023.xml
993,K,0.92,bar,"H2:0.003, CO:0.0562, O2:0.0296, Ar:0.9112",1.0,5478.0,us,max,OHEX;,,,x10001023.xml
994,K,0.87,bar,"H2:0.003, CO:0.0562, O2:0.0296, Ar:0.9112",1.0,4495.0,us,max,OHEX;,,,x10001023.xml
996,K,0.93,bar,"H2:0.003, CO:0.0562, O2:0.0296, Ar:0.9112",1.0,4473.0,us,max,OHEX;,,,x10001023.xml
1028,K,0.92,bar,"H2:0.003, CO:0.0562, O2:0.0296, Ar:0.9112",1.0,3950.0,us,max,OHEX;,,,x10001023.xml
1048,K,0.96,bar,"H2:0.003, CO:0.0562, O2:0.0296, Ar:0.9112",1.0,2913.0,us,max,OHEX;,,,x10001023.xml
1081,K,1.01,bar,"H2:0.003, CO:0.0562, O2:0.0296, Ar:0.9112",1.0,2349.0,us,max,OHEX;,,,x10001023.xml
1120,K,1.07,bar,"H2:0.003, CO:0.0562, O2:0.0296, Ar:0.9112",1.0,1873.0,us,max,OHEX;,,,x10001023.xml
1214,K,1.0,bar,"H2:0.003, CO:0.0562, O2:0.0296, Ar:0.9112",1.0,1349.0,us,max,OHEX;,,,x10001023.xml
1237,K,1.04,bar,"H2:0.003, CO:0.0562, O2:0.0296, Ar:0.9112",1.0,1109.0,us,max,OHEX;,,,x10001023.xml
1268,K,0.97,bar,"H2:0.003, CO:0.0562, O2:0.0296, Ar:0.9112",1.0,1085.0,us,max,OHEX;,,,x10001023.xml
1351,K,0.88,bar,"H2:0.003, CO:0.0562, O2:0.0296, Ar:0.9112",1.0,920.0,us,max,OHEX;,,,x10001023.xml
1405,K,0.85,bar,"H2:0.003, CO:0.0562, O2:0.0296, Ar:0.9112",1.0,802.0,us,max,OHEX;,,,x10001023.xml
1510,K,0.96,bar,"H2:0.003, CO:0.0562, O2:0.0296, Ar:0.9112",1.0,615.0,us,max,OHEX;,,,x10001023.xml
1564,K,0.92,bar,"H2:0.003, CO:0.0562, O2:0.0296, Ar:0.9112",1.0,619.0,us,max,OHEX;,,,x10001023.xml
1669,K,0.88,bar,"H2:0.003, CO:0.0562, O2:0.0296, Ar:0.9112",1.0,477.0,us,max,OHEX;,,,x10001023.xml
1986,K,0.94,bar,"H2:0.003, CO:0.0562, O2:0.0296, Ar:0.9112",1.0,302.0,us,max,OHEX;,,,x10001023.xml
2147,K,1.14,bar,"H2:0.003, CO:0.0562, O2:0.0296, Ar:0.9112",1.0,254.0,us,max,OHEX;,,,x10001023.xml
2158,K,0.9,bar,"H2:0.003, CO:0.0562, O2:0.0296, Ar:0.9112",1.0,257.0,us,max,OHEX;,,,x10001023.xml
2161,K,1.13,bar,"H2:0.003, CO:0.0562, O2:0.0296, Ar:0.9112",1.0,230.0,us,max,OHEX;,,,x10001023.xml
2374,K,0.86,bar,"H2:0.003, CO:0.0562, O2:0.0296, Ar:0.9112",1.0,398.0,us,max,OHEX;,,,x10001023.xml
997,K,16.24,bar,"H2:0.0174, CO:0.0174, O2:0.0347, Ar:0.9306",0.5014409221902016,5424.0,us,max,OHEX;,,,x10001024_x.xml
1000,K,15.86,bar,"H2:0.0174, CO:0.0174, O2:0.0347, Ar:0.9306",0.5014409221902016,5209.0,us,max,OHEX;,,,x10001024_x.xml
1007,K,15.69,bar,"H2:0.0174, CO:0.0174, O2:0.0347, Ar:0.9306",0.5014409221902016,4840.0,us,max,OHEX;,,,x10001024_x.xml
1015,K,16.84,bar,"H2:0.0174, CO:0.0174, O2:0.0347, Ar:0.9306",0.5014409221902016,4626.0,us,max,OHEX;,,,x10001024_x.xml
1034,K,15.69,bar,"H2:0.0174, CO:0.0174, O2:0.0347, Ar:0.9306",0.5014409221902016,3212.0,us,max,OHEX;,,,x10001024_x.xml
1068,K,15.98,bar,"H2:0.0174, CO:0.0174, O2:0.0347, Ar:0.9306",0.5014409221902016,1861.0,us,max,OHEX;,,,x10001024_x.xml
1085,K,14.7,bar,"H2:0.0174, CO:0.0174, O2:0.0347, Ar:0.9306",0.5014409221902016,1246.0,us,max,OHEX;,,,x10001024_x.xml
1106,K,16.1,bar,"H2:0.0174, CO:0.0174, O2:0.0347, Ar:0.9306",0.5014409221902016,849.0,us,max,OHEX;,,,x10001024_x.xml
1116,K,15.98,bar,"H2:0.0174, CO:0.0174, O2:0.0347, Ar:0.9306",0.5014409221902016,594.0,us,max,OHEX;,,,x10001024_x.xml
1143,K,16.2,bar,"H2:0.0174, CO:0.0174, O2:0.0347, Ar:0.9306",0.5014409221902016,299.0,us,max,OHEX;,,,x10001024_x.xml
1145,K,15.62,bar,"H2:0.0174, CO:0.0174, O2:0.0347, Ar:0.9306",0.5014409221902016,262.0,us,max,OHEX;,,,x10001024_x.xml
1146,K,16.0,bar,"H2:0.0174, CO:0.0174, O2:0.0347, Ar:0.9306",0.5014409221902016,268.0,us,max,OHEX;,,,x10001024_x.xml
1174,K,16.31,bar,"H2:0.0174, CO:0.0174, O2:0.0347, Ar:0.9306",0.5014409221902016,80.0,us,max,OHEX;,,,x10001024_x.xml
1179,K,15.86,bar,"H2:0.0174, CO:0.0174, O2:0.0347, Ar:0.9306",0.5014409221902016,68.0,us,max,OHEX;,,,x10001024_x.xml
1205,K,16.1,bar,"H2:0.0174, CO:0.0174, O2:0.0347, Ar:0.9306",0.5014409221902016,30.0,us,max,OHEX;,,,x10001024_x.xml
1215,K,15.32,bar,"H2:0.0174, CO:0.0174, O2:0.0347, Ar:0.9306",0.5014409221902016,31.0,us,max,OHEX;,,,x10001024_x.xml
942,K,3.79,bar,"H2:0.0174, CO:0.0174, O2:0.0347, Ar:0.9306",0.5014409221902016,5731.0,us,max,OHEX;,,,x10001025.xml
963,K,3.89,bar,"H2:0.0174, CO:0.0174, O2:0.0347, Ar:0.9306",0.5014409221902016,4933.0,us,max,OHEX;,,,x10001025.xml
981,K,3.93,bar,"H2:0.0174, CO:0.0174, O2:0.0347, Ar:0.9306",0.5014409221902016,3412.0,us,max,OHEX;,,,x10001025.xml
995,K,4.07,bar,"H2:0.0174, CO:0.0174, O2:0.0347, Ar:0.9306",0.5014409221902016,2438.0,us,max,OHEX;,,,x10001025.xml
1003,K,3.71,bar,"H2:0.0174, CO:0.0174, O2:0.0347, Ar:0.9306",0.5014409221902016,1221.0,us,max,OHEX;,,,x10001025.xml
1005,K,4.03,bar,"H2:0.0174, CO:0.0174, O2:0.0347, Ar:0.9306",0.5014409221902016,2095.0,us,max,OHEX;,,,x10001025.xml
1009,K,3.91,bar,"H2:0.0174, CO:0.0174, O2:0.0347, Ar:0.9306",0.5014409221902016,1068.0,us,max,OHEX;,,,x10001025.xml
1022,K,3.98,bar,"H2:0.0174, CO:0.0174, O2:0.0347, Ar:0.9306",0.5014409221902016,998.0,us,max,OHEX;,,,x10001025.xml
1044,K,3.9,bar,"H2:0.0174, CO:0.0174, O2:0.0347, Ar:0.9306",0.5014409221902016,366.0,us,max,OHEX;,,,x10001025.xml
1052,K,3.84,bar,"H2:0.0174, CO:0.0174, O2:0.0347, Ar:0.9306",0.5014409221902016,371.0,us,max,OHEX;,,,x10001025.xml
1068,K,4.16,bar,"H2:0.0174, CO:0.0174, O2:0.0347, Ar:0.9306",0.5014409221902016,285.0,us,max,OHEX;,,,x10001025.xml
1071,K,3.96,bar,"H2:0.0174, CO:0.0174, O2:0.0347, Ar:0.9306",0.5014409221902016,280.0,us,max,OHEX;,,,x10001025.xml
1080,K,3.81,bar,"H2:0.0174, CO:0.0174, O2:0.0347, Ar:0.9306",0.5014409221902016,246.0,us,max,OHEX;,,,x10001025.xml
1107,K,3.88,bar,"H2:0.0174, CO:0.0174, O2:0.0347, Ar:0.9306",0.5014409221902016,177.0,us,max,OHEX;,,,x10001025.xml
1109,K,3.99,bar,"H2:0.0174, CO:0.0174, O2:0.0347, Ar:0.9306",0.5014409221902016,166.0,us,max,OHEX;,,,x10001025.xml
1132,K,3.9,bar,"H2:0.0174, CO:0.0174, O2:0.0347, Ar:0.9306",0.5014409221902016,141.0,us,max,OHEX;,,,x10001025.xml
1142,K,5.07,bar,"H2:0.0174, CO:0.0174, O2:0.0347, Ar:0.9306",0.5014409221902016,108.0,us,max,OHEX;,,,x10001025.xml
1145,K,3.86,bar,"H2:0.0174, CO:0.0174, O2:0.0347, Ar:0.9306",0.5014409221902016,128.0,us,max,OHEX;,,,x10001025.xml
1210,K,3.97,bar,"H2:0.0174, CO:0.0174, O2:0.0347, Ar:0.9306",0.5014409221902016,82.0,us,max,OHEX;,,,x10001025.xml
1227,K,3.93,bar,"H2:0.0174, CO:0.0174, O2:0.0347, Ar:0.9306",0.5014409221902016,73.0,us,max,OHEX;,,,x10001025.xml
1282,K,3.96,bar,"H2:0.0174, CO:0.0174, O2:0.0347, Ar:0.9306",0.5014409221902016,55.0,us,max,OHEX;,,,x10001025.xml
1301,K,4.03,bar,"H2:0.0174, CO:0.0174, O2:0.0347, Ar:0.9306",0.5014409221902016,51.0,us,max,OHEX;,,,x10001025.xml
1364,K,4.04,bar,"H2:0.0174, CO:0.0174, O2:0.0347, Ar:0.9306",0.5014409221902016,38.0,us,max,OHEX;,,,x10001025.xml
924,K,1.07,bar,"H2:0.0174, CO:0.0174, O2:0.0347, Ar:0.9306",0.5014409221902016,3188.0,us,max,OHEX;,,,x10001026.xml
938,K,1.07,bar,"H2:0.0174, CO:0.0174, O2:0.0347, Ar:0.9306",0.5014409221902016,3689.0,us,max,OHEX;,,,x10001026.xml
950,K,1.04,bar,"H2:0.0174, CO:0.0174, O2:0.0347, Ar:0.9306",0.5014409221902016,1631.0,us,max,OHEX;,,,x10001026.xml
982,K,1.07,bar,"H2:0.0174, CO:0.0174, O2:0.0347, Ar:0.9306",0.5014409221902016,1179.0,us,max,OHEX;,,,x10001026.xml
993,K,0.99,bar,"H2:0.0174, CO:0.0174, O2:0.0347, Ar:0.9306",0.5014409221902016,1218.0,us,max,OHEX;,,,x10001026.xml
1080,K,0.99,bar,"H2:0.0174, CO:0.0174, O2:0.0347, Ar:0.9306",0.5014409221902016,586.0,us,max,OHEX;,,,x10001026.xml
1169,K,1.09,bar,"H2:0.0174, CO:0.0174, O2:0.0347, Ar:0.9306",0.5014409221902016,297.0,us,max,OHEX;,,,x10001026.xml
1200,K,0.88,bar,"H2:0.0174, CO:0.0174, O2:0.0347, Ar:0.9306",0.5014409221902016,349.0,us,max,OHEX;,,,x10001026.xml
1245,K,1.05,bar,"H2:0.0174, CO:0.0174, O2:0.0347, Ar:0.9306",0.5014409221902016,246.0,us,max,OHEX;,,,x10001026.xml
1336,K,0.97,bar,"H2:0.0174, CO:0.0174, O2:0.0347, Ar:0.9306",0.5014409221902016,196.0,us,max,OHEX;,,,x10001026.xml
1475,K,0.84,bar,"H2:0.0174, CO:0.0174, O2:0.0347, Ar:0.9306",0.5014409221902016,161.0,us,max,OHEX;,,,x10001026.xml
1479,K,0.93,bar,"H2:0.0174, CO:0.0174, O2:0.0347, Ar:0.9306",0.5014409221902016,128.0,us,max,OHEX;,,,x10001026.xml
1527,K,0.91,bar,"H2:0.0174, CO:0.0174, O2:0.0347, Ar:0.9306",0.5014409221902016,117.0,us,max,OHEX;,,,x10001026.xml
1734,K,1.08,bar,"H2:0.0174, CO:0.0174, O2:0.0347, Ar:0.9306",0.5014409221902016,91.0,us,max,OHEX;,,,x10001026.xml
1754,K,1.08,bar,"H2:0.0174, CO:0.0174, O2:0.0347, Ar:0.9306",0.5014409221902016,91.0,us,max,OHEX;,,,x10001026.xml
1829,K,0.93,bar,"H2:0.0174, CO:0.0174, O2:0.0347, Ar:0.9306",0.5014409221902016,93.0,us,max,OHEX;,,,x10001026.xml
1972,K,1.15,bar,"H2:0.0174, CO:0.0174, O2:0.0347, Ar:0.9306",0.5014409221902016,62.0,us,max,OHEX;,,,x10001026.xml
2011,K,1.1,bar,"H2:0.0174, CO:0.0174, O2:0.0347, Ar:0.9306",0.5014409221902016,68.0,us,max,OHEX;,,,x10001026.xml
2145,K,1.13,bar,"H2:0.0174, CO:0.0174, O2:0.0347, Ar:0.9306",0.5014409221902016,54.0,us,max,OHEX;,,,x10001026.xml
2147,K,0.97,bar,"H2:0.0174, CO:0.0174, O2:0.0347, Ar:0.9306",0.5014409221902016,70.0,us,max,OHEX;,,,x10001026.xml
2202,K,0.92,bar,"H2:0.0174, CO:0.0174, O2:0.0347, Ar:0.9306",0.5014409221902016,69.0,us,max,OHEX;,,,x10001026.xml
2214,K,0.76,bar,"H2:0.0174, CO:0.0174, O2:0.0347, Ar:0.9306",0.5014409221902016,65.0,us,max,OHEX;,,,x10001026.xml
2220,K,1.18,bar,"H2:0.0174, CO:0.0174, O2:0.0347, Ar:0.9306",0.5014409221902016,46.0,us,max,OHEX;,,,x10001026.xml
1055,K,15.98,bar,"H2:0.0017, CO:0.033, O2:0.0347, Ar:0.9306",0.5,6271.0,us,max,OHEX;,,,x10001027_x.xml
1058,K,16.45,bar,"H2:0.0017, CO:0.033, O2:0.0347, Ar:0.9306",0.5,5985.0,us,max,OHEX;,,,x10001027_x.xml
1084,K,16.13,bar,"H2:0.0017, CO:0.033, O2:0.0347, Ar:0.9306",0.5,5671.0,us,max,OHEX;,,,x10001027_x.xml
1101,K,16.17,bar,"H2:0.0017, CO:0.033, O2:0.0347, Ar:0.9306",0.5,5092.0,us,max,OHEX;,,,x10001027_x.xml
1156,K,16.95,bar,"H2:0.0017, CO:0.033, O2:0.0347, Ar:0.9306",0.5,2251.0,us,max,OHEX;,,,x10001027_x.xml
1174,K,17.02,bar,"H2:0.0017, CO:0.033, O2:0.0347, Ar:0.9306",0.5,1488.0,us,max,OHEX;,,,x10001027_x.xml
1179,K,16.54,bar,"H2:0.0017, CO:0.033, O2:0.0347, Ar:0.9306",0.5,1320.0,us,max,OHEX;,,,x10001027_x.xml
1194,K,16.35,bar,"H2:0.0017, CO:0.033, O2:0.0347, Ar:0.9306",0.5,929.0,us,max,OHEX;,,,x10001027_x.xml
1232,K,16.31,bar,"H2:0.0017, CO:0.033, O2:0.0347, Ar:0.9306",0.5,451.0,us,max,OHEX;,,,x10001027_x.xml
1247,K,15.67,bar,"H2:0.0017, CO:0.033, O2:0.0347, Ar:0.9306",0.5,312.0,us,max,OHEX;,,,x10001027_x.xml
1288,K,16.3,bar,"H2:0.0017, CO:0.033, O2:0.0347, Ar:0.9306",0.5,203.0,us,max,OHEX;,,,x10001027_x.xml
1359,K,16.8,bar,"H2:0.0017, CO:0.033, O2:0.0347, Ar:0.9306",0.5,87.0,us,max,OHEX;,,,x10001027_x.xml
1385,K,16.28,bar,"H2:0.0017, CO:0.033, O2:0.0347, Ar:0.9306",0.5,77.0,us,max,OHEX;,,,x10001027_x.xml
1470,K,15.67,bar,"H2:0.0017, CO:0.033, O2:0.0347, Ar:0.9306",0.5,34.0,us,max,OHEX;,,,x10001027_x.xml
1042,K,4.55,bar,"H2:0.0017, CO:0.033, O2:0.0347, Ar:0.9306",0.5,3231.0,us,max,OHEX;,,,x10001028.xml
1042,K,4.01,bar,"H2:0.0017, CO:0.033, O2:0.0347, Ar:0.9306",0.5,2833.0,us,max,OHEX;,,,x10001028.xml
1049,K,4.56,bar,"H2:0.0017, CO:0.033, O2:0.0347, Ar:0.9306",0.5,4621.0,us,max,OHEX;,,,x10001028.xml
1089,K,4.21,bar,"H2:0.0017, CO:0.033, O2:0.0347, Ar:0.9306",0.5,1573.0,us,max,OHEX;,,,x10001028.xml
1119,K,4.15,bar,"H2:0.0017, CO:0.033, O2:0.0347, Ar:0.9306",0.5,1085.0,us,max,OHEX;,,,x10001028.xml
1146,K,4.15,bar,"H2:0.0017, CO:0.033, O2:0.0347, Ar:0.9306",0.5,1224.0,us,max,OHEX;,,,x10001028.xml
1159,K,3.93,bar,"H2:0.0017, CO:0.033, O2:0.0347, Ar:0.9306",0.5,694.0,us,max,OHEX;,,,x10001028.xml
1215,K,3.93,bar,"H2:0.0017, CO:0.033, O2:0.0347, Ar:0.9306",0.5,402.0,us,max,OHEX;,,,x10001028.xml
1260,K,3.81,bar,"H2:0.0017, CO:0.033, O2:0.0347, Ar:0.9306",0.5,213.0,us,max,OHEX;,,,x10001028.xml
1345,K,3.88,bar,"H2:0.0017, CO:0.033, O2:0.0347, Ar:0.9306",0.5,191.0,us,max,OHEX;,,,x10001028.xml
1463,K,3.96,bar,"H2:0.0017, CO:0.033, O2:0.0347, Ar:0.9306",0.5,115.0,us,max,OHEX;,,,x10001028.xml
1478,K,3.68,bar,"H2:0.0017, CO:0.033, O2:0.0347, Ar:0.9306",0.5,140.0,us,max,OHEX;,,,x10001028.xml
1497,K,3.76,bar,"H2:0.0017, CO:0.033, O2:0.0347, Ar:0.9306",0.5,115.0,us,max,OHEX;,,,x10001028.xml
1516,K,3.77,bar,"H2:0.0017, CO:0.033, O2:0.0347, Ar:0.9306",0.5,105.0,us,max,OHEX;,,,x10001028.xml
1614,K,3.84,bar,"H2:0.0017, CO:0.033, O2:0.0347, Ar:0.9306",0.5,84.0,us,max,OHEX;,,,x10001028.xml
1824,K,4.3,bar,"H2:0.0017, CO:0.033, O2:0.0347, Ar:0.9306",0.5,55.0,us,max,OHEX;,,,x10001028.xml
943,K,1.09,bar,"H2:0.0017, CO:0.033, O2:0.0347, Ar:0.9306",0.5,9539.0,us,max,OHEX;,,,x10001029.xml
945,K,1.01,bar,"H2:0.0017, CO:0.033, O2:0.0347, Ar:0.9306",0.5,10062.0,us,max,OHEX;,,,x10001029.xml
1022,K,1.15,bar,"H2:0.0017, CO:0.033, O2:0.0347, Ar:0.9306",0.5,5703.0,us,max,OHEX;,,,x10001029.xml
1081,K,1.17,bar,"H2:0.0017, CO:0.033, O2:0.0347, Ar:0.9306",0.5,3484.0,us,max,OHEX;,,,x10001029.xml
1108,K,1.06,bar,"H2:0.0017, CO:0.033, O2:0.0347, Ar:0.9306",0.5,3144.0,us,max,OHEX;,,,x10001029.xml
1222,K,1.07,bar,"H2:0.0017, CO:0.033, O2:0.0347, Ar:0.9306",0.5,1593.0,us,max,OHEX;,,,x10001029.xml
1316,K,1.0,bar,"H2:0.0017, CO:0.033, O2:0.0347, Ar:0.9306",0.5,1209.0,us,max,OHEX;,,,x10001029.xml
1373,K,0.89,bar,"H2:0.0017, CO:0.033, O2:0.0347, Ar:0.9306",0.5,1064.0,us,max,OHEX;,,,x10001029.xml
1534,K,0.95,bar,"H2:0.0017, CO:0.033, O2:0.0347, Ar:0.9306",0.5,753.0,us,max,OHEX;,,,x10001029.xml
1582,K,0.93,bar,"H2:0.0017, CO:0.033, O2:0.0347, Ar:0.9306",0.5,842.0,us,max,OHEX;,,,x10001029.xml
1944,K,1.12,bar,"H2:0.0017, CO:0.033, O2:0.0347, Ar:0.9306",0.5,332.0,us,max,OHEX;,,,x10001029.xml
1990,K,1.0,bar,"H2:0.0017, CO:0.033, O2:0.0347, Ar:0.9306",0.5,381.0,us,max,OHEX;,,,x10001029.xml
2246,K,1.01,bar,"H2:0.0017, CO:0.033, O2:0.0347, Ar:0.9306",0.5,326.0,us,max,OHEX;,,,x10001029.xml
1007,K,15.06,bar,"H2:0.0296, CO:0.0296, O2:0.0296, Ar:0.9112",1.0,6076.0,us,max,OHEX;,,,x10001030.xml
1029,K,15.5,bar,"H2:0.0296, CO:0.0296, O2:0.0296, Ar:0.9112",1.0,4892.0,us,max,OHEX;,,,x10001030.xml
1045,K,15.22,bar,"H2:0.0296, CO:0.0296, O2:0.0296, Ar:0.9112",1.0,4045.0,us,max,OHEX;,,,x10001030.xml
1073,K,15.63,bar,"H2:0.0296, CO:0.0296, O2:0.0296, Ar:0.9112",1.0,1944.0,us,max,OHEX;,,,x10001030.xml
1120,K,15.43,bar,"H2:0.0296, CO:0.0296, O2:0.0296, Ar:0.9112",1.0,684.0,us,max,OHEX;,,,x10001030.xml
1122,K,15.73,bar,"H2:0.0296, CO:0.0296, O2:0.0296, Ar:0.9112",1.0,774.0,us,max,OHEX;,,,x10001030.xml
1124,K,16.42,bar,"H2:0.0296, CO:0.0296, O2:0.0296, Ar:0.9112",1.0,688.0,us,max,OHEX;,,,x10001030.xml
1147,K,16.5,bar,"H2:0.0296, CO:0.0296, O2:0.0296, Ar:0.9112",1.0,357.0,us,max,OHEX;,,,x10001030.xml
1148,K,17.16,bar,"H2:0.0296, CO:0.0296, O2:0.0296, Ar:0.9112",1.0,369.0,us,max,OHEX;,,,x10001030.xml
1161,K,15.93,bar,"H2:0.0296, CO:0.0296, O2:0.0296, Ar:0.9112",1.0,180.0,us,max,OHEX;,,,x10001030.xml
1164,K,16.47,bar,"H2:0.0296, CO:0.0296, O2:0.0296, Ar:0.9112",1.0,232.0,us,max,OHEX;,,,x10001030.xml
1202,K,16.55,bar,"H2:0.0296, CO:0.0296, O2:0.0296, Ar:0.9112",1.0,51.0,us,max,OHEX;,,,x10001030.xml
1211,K,16.36,bar,"H2:0.0296, CO:0.0296, O2:0.0296, Ar:0.9112",1.0,40.0,us,max,OHEX;,,,x10001030.xml
1212,K,17.1,bar,"H2:0.0296, CO:0.0296, O2:0.0296, Ar:0.9112",1.0,43.0,us,max,OHEX;,,,x10001030.xml
1249,K,16.51,bar,"H2:0.0296, CO:0.0296, O2:0.0296, Ar:0.9112",1.0,19.0,us,max,OHEX;,,,x10001030.xml
970,K,3.6,bar,"H2:0.0296, CO:0.0296, O2:0.0296, Ar:0.9112",1.0,4531.0,us,max,OHEX;,,,x10001031.xml
985,K,4.09,bar,"H2:0.0296, CO:0.0296, O2:0.0296, Ar:0.9112",1.0,3448.0,us,max,OHEX;,,,x10001031.xml
993,K,4.04,bar,"H2:0.0296, CO:0.0296, O2:0.0296, Ar:0.9112",1.0,2861.0,us,max,OHEX;,,,x10001031.xml
1002,K,4.17,bar,"H2:0.0296, CO:0.0296, O2:0.0296, Ar:0.9112",1.0,2702.0,us,max,OHEX;,,,x10001031.xml
1007,K,3.83,bar,"H2:0.0296, CO:0.0296, O2:0.0296, Ar:0.9112",1.0,1456.0,us,max,OHEX;,,,x10001031.xml
1021,K,3.96,bar,"H2:0.0296, CO:0.0296, O2:0.0296, Ar:0.9112",1.0,1068.0,us,max,OHEX;,,,x10001031.xml
1024,K,3.83,bar,"H2:0.0296, CO:0.0296, O2:0.0296, Ar:0.9112",1.0,805.0,us,max,OHEX;,,,x10001031.xml
1027,K,4.11,bar,"H2:0.0296, CO:0.0296, O2:0.0296, Ar:0.9112",1.0,826.0,us,max,OHEX;,,,x10001031.xml
1029,K,4.04,bar,"H2:0.0296, CO:0.0296, O2:0.0296, Ar:0.9112",1.0,684.0,us,max,OHEX;,,,x10001031.xml
1031,K,3.77,bar,"H2:0.0296, CO:0.0296, O2:0.0296, Ar:0.9112",1.0,631.0,us,max,OHEX;,,,x10001031.xml
1050,K,4.1,bar,"H2:0.0296, CO:0.0296, O2:0.0296, Ar:0.9112",1.0,333.0,us,max,OHEX;,,,x10001031.xml
1058,K,4.04,bar,"H2:0.0296, CO:0.0296, O2:0.0296, Ar:0.9112",1.0,318.0,us,max,OHEX;,,,x10001031.xml
1060,K,4.07,bar,"H2:0.0296, CO:0.0296, O2:0.0296, Ar:0.9112",1.0,311.0,us,max,OHEX;,,,x10001031.xml
1084,K,4.05,bar,"H2:0.0296, CO:0.0296, O2:0.0296, Ar:0.9112",1.0,227.0,us,max,OHEX;,,,x10001031.xml
1093,K,4.22,bar,"H2:0.0296, CO:0.0296, O2:0.0296, Ar:0.9112",1.0,192.0,us,max,OHEX;,,,x10001031.xml
1103,K,4.33,bar,"H2:0.0296, CO:0.0296, O2:0.0296, Ar:0.9112",1.0,170.0,us,max,OHEX;,,,x10001031.xml
1148,K,4.17,bar,"H2:0.0296, CO:0.0296, O2:0.0296, Ar:0.9112",1.0,109.0,us,max,OHEX;,,,x10001031.xml
1167,K,3.8,bar,"H2:0.0296, CO:0.0296, O2:0.0296, Ar:0.9112",1.0,103.0,us,max,OHEX;,,,x10001031.xml
1186,K,4.09,bar,"H2:0.0296, CO:0.0296, O2:0.0296, Ar:0.9112",1.0,79.0,us,max,OHEX;,,,x10001031.xml
1192,K,3.84,bar,"H2:0.0296, CO:0.0296, O2:0.0296, Ar:0.9112",1.0,74.0,us,max,OHEX;,,,x10001031.xml
1192,K,3.62,bar,"H2:0.0296, CO:0.0296, O2:0.0296, Ar:0.9112",1.0,89.0,us,max,OHEX;,,,x10001031.xml
1201,K,3.79,bar,"H2:0.0296, CO:0.0296, O2:0.0296, Ar:0.9112",1.0,81.0,us,max,OHEX;,,,x10001031.xml
1206,K,3.67,bar,"H2:0.0296, CO:0.0296, O2:0.0296, Ar:0.9112",1.0,78.0,us,max,OHEX;,,,x10001031.xml
1281,K,4.37,bar,"H2:0.0296, CO:0.0296, O2:0.0296, Ar:0.9112",1.0,45.0,us,max,OHEX;,,,x10001031.xml
1336,K,4.61,bar,"H2:0.0296, CO:0.0296, O2:0.0296, Ar:0.9112",1.0,31.0,us,max,OHEX;,,,x10001031.xml
1418,K,4.83,bar,"H2:0.0296, CO:0.0296, O2:0.0296, Ar:0.9112",1.0,22.0,us,max,OHEX;,,,x10001031.xml
882,K,0.86,bar,"H2:0.0296, CO:0.0296, O2:0.0296, Ar:0.9112",1.0,10776.0,us,max,OHEX;,,,x10001032.xml
895,K,0.87,bar,"H2:0.0296, CO:0.0296, O2:0.0296, Ar:0.9112",1.0,9696.0,us,max,OHEX;,,,x10001032.xml
900,K,0.88,bar,"H2:0.0296, CO:0.0296, O2:0.0296, Ar:0.9112",1.0,3734.0,us,max,OHEX;,,,x10001032.xml
902,K,0.96,bar,"H2:0.0296, CO:0.0296, O2:0.0296, Ar:0.9112",1.0,8273.0,us,max,OHEX;,,,x10001032.xml
906,K,0.9,bar,"H2:0.0296, CO:0.0296, O2:0.0296, Ar:0.9112",1.0,6633.0,us,max,OHEX;,,,x10001032.xml
912,K,0.9,bar,"H2:0.0296, CO:0.0296, O2:0.0296, Ar:0.9112",1.0,5445.0,us,max,OHEX;,,,x10001032.xml
926,K,1.0,bar,"H2:0.0296, CO:0.0296, O2:0.0296, Ar:0.9112",1.0,3555.0,us,max,OHEX;,,,x10001032.xml
947,K,1.05,bar,"H2:0.0296, CO:0.0296, O2:0.0296, Ar:0.9112",1.0,2263.0,us,max,OHEX;,,,x10001032.xml
978,K,1.06,bar,"H2:0.0296, CO:0.0296, O2:0.0296, Ar:0.9112",1.0,1279.0,us,max,OHEX;,,,x10001032.xml
988,K,0.92,bar,"H2:0.0296, CO:0.0296, O2:0.0296, Ar:0.9112",1.0,1150.0,us,max,OHEX;,,,x10001032.xml
990,K,0.82,bar,"H2:0.0296, CO:0.0296, O2:0.0296, Ar:0.9112",1.0,1170.0,us,max,OHEX;,,,x10001032.xml
1009,K,0.85,bar,"H2:0.0296, CO:0.0296, O2:0.0296, Ar:0.9112",1.0,720.0,us,max,OHEX;,,,x10001032.xml
1009,K,1.09,bar,"H2:0.0296, CO:0.0296, O2:0.0296, Ar:0.9112",1.0,844.0,us,max,OHEX;,,,x10001032.xml
1011,K,0.93,bar,"H2:0.0296, CO:0.0296, O2:0.0296, Ar:0.9112",1.0,758.0,us,max,OHEX;,,,x10001032.xml
1016,K,1.04,bar,"H2:0.0296, CO:0.0296, O2:0.0296, Ar:0.9112",1.0,763.0,us,max,OHEX;,,,x10001032.xml
1040,K,1.1,bar,"H2:0.0296, CO:0.0296, O2:0.0296, Ar:0.9112",1.0,640.0,us,max,OHEX;,,,x10001032.xml
1065,K,1.0,bar,"H2:0.0296, CO:0.0296, O2:0.0296, Ar:0.9112",1.0,432.0,us,max,OHEX;,,,x10001032.xml
1085,K,1.1,bar,"H2:0.0296, CO:0.0296, O2:0.0296, Ar:0.9112",1.0,455.0,us,max,OHEX;,,,x10001032.xml
1099,K,1.04,bar,"H2:0.0296, CO:0.0296, O2:0.0296, Ar:0.9112",1.0,394.0,us,max,OHEX;,,,x10001032.xml
1123,K,1.1,bar,"H2:0.0296, CO:0.0296, O2:0.0296, Ar:0.9112",1.0,371.0,us,max,OHEX;,,,x10001032.xml
1148,K,0.97,bar,"H2:0.0296, CO:0.0296, O2:0.0296, Ar:0.9112",1.0,364.0,us,max,OHEX;,,,x10001032.xml
1152,K,1.05,bar,"H2:0.0296, CO:0.0296, O2:0.0296, Ar:0.9112",1.0,345.0,us,max,OHEX;,,,x10001032.xml
1170,K,1.05,bar,"H2:0.0296, CO:0.0296, O2:0.0296, Ar:0.9112",1.0,294.0,us,max,OHEX;,,,x10001032.xml
1244,K,1.08,bar,"H2:0.0296, CO:0.0296, O2:0.0296, Ar:0.9112",1.0,204.0,us,max,OHEX;,,,x10001032.xml
1272,K,1.03,bar,"H2:0.0296, CO:0.0296, O2:0.0296, Ar:0.9112",1.0,199.0,us,max,OHEX;,,,x10001032.xml
1331,K,1.0,bar,"H2:0.0296, CO:0.0296, O2:0.0296, Ar:0.9112",1.0,179.0,us,max,OHEX;,,,x10001032.xml
1337,K,0.99,bar,"H2:0.0296, CO:0.0296, O2:0.0296, Ar:0.9112",1.0,174.0,us,max,OHEX;,,,x10001032.xml
1371,K,0.97,bar,"H2:0.0296, CO:0.0296, O2:0.0296, Ar:0.9112",1.0,151.0,us,max,OHEX;,,,x10001032.xml
1389,K,1.03,bar,"H2:0.0296, CO:0.0296, O2:0.0296, Ar:0.9112",1.0,155.0,us,max,OHEX;,,,x10001032.xml
1397,K,0.97,bar,"H2:0.0296, CO:0.0296, O2:0.0296, Ar:0.9112",1.0,158.0,us,max,OHEX;,,,x10001032.xml
1663,K,1.0,bar,"H2:0.0296, CO:0.0296, O2:0.0296, Ar:0.9112",1.0,102.0,us,max,OHEX;,,,x10001032.xml
1663,K,0.97,bar,"H2:0.0296, CO:0.0296, O2:0.0296, Ar:0.9112",1.0,107.0,us,max,OHEX;,,,x10001032.xml
1686,K,1.12,bar,"H2:0.0296, CO:0.0296, O2:0.0296, Ar:0.9112",1.0,79.0,us,max,OHEX;,,,x10001032.xml
1876,K,1.05,bar,"H2:0.0296, CO:0.0296, O2:0.0296, Ar:0.9112",1.0,85.0,us,max,OHEX;,,,x10001032.xml
2000,K,1.11,bar,"H2:0.0296, CO:0.0296, O2:0.0296, Ar:0.9112",1.0,87.0,us,max,OHEX;,,,x10001032.xml
2029,K,1.08,bar,"H2:0.0296, CO:0.0296, O2:0.0296, Ar:0.9112",1.0,113.0,us,max,OHEX;,,,x10001032.xml
2031,K,1.07,bar,"H2:0.0296, CO:0.0296, O2:0.0296, Ar:0.9112",1.0,61.0,us,max,OHEX;,,,x10001032.xml
916,K,1.1,atm,"H2:0.139, CO:0.035, O2:0.174, N2:0.652",0.5000000000000001,2011.0,us,d/dt max,OHEX;,,,x10001033.xml
936,K,1.1,atm,"H2:0.139, CO:0.035, O2:0.174, N2:0.652",0.5000000000000001,1085.0,us,d/dt max,OHEX;,,,x10001033.xml
954,K,1.2,atm,"H2:0.139, CO:0.035, O2:0.174, N2:0.652",0.5000000000000001,462.0,us,d/dt max,OHEX;,,,x10001033.xml
957,K,1.1,atm,"H2:0.139, CO:0.035, O2:0.174, N2:0.652",0.5000000000000001,311.0,us,d/dt max,OHEX;,,,x10001033.xml
960,K,1.1,atm,"H2:0.139, CO:0.035, O2:0.174, N2:0.652",0.5000000000000001,327.0,us,d/dt max,OHEX;,,,x10001033.xml
972,K,1.1,atm,"H2:0.139, CO:0.035, O2:0.174, N2:0.652",0.5000000000000001,191.0,us,d/dt max,OHEX;,,,x10001033.xml
993,K,1.0,atm,"H2:0.139, CO:0.035, O2:0.174, N2:0.652",0.5000000000000001,144.0,us,d/dt max,OHEX;,,,x10001033.xml
994,K,1.1,atm,"H2:0.139, CO:0.035, O2:0.174, N2:0.652",0.5000000000000001,181.0,us,d/dt max,OHEX;,,,x10001033.xml
994,K,1.0,atm,"H2:0.139, CO:0.035, O2:0.174, N2:0.652",0.5000000000000001,141.0,us,d/dt max,OHEX;,,,x10001033.xml
1046,K,1.0,atm,"H2:0.139, CO:0.035, O2:0.174, N2:0.652",0.5000000000000001,99.0,us,d/dt max,OHEX;,,,x10001033.xml
1049,K,1.1,atm,"H2:0.139, CO:0.035, O2:0.174, N2:0.652",0.5000000000000001,77.0,us,d/dt max,OHEX;,,,x10001033.xml
1064,K,1.0,atm,"H2:0.139, CO:0.035, O2:0.174, N2:0.652",0.5000000000000001,80.0,us,d/dt max,OHEX;,,,x10001033.xml
1065,K,1.1,atm,"H2:0.139, CO:0.035, O2:0.174, N2:0.652",0.5000000000000001,81.0,us,d/dt max,OHEX;,,,x10001033.xml
1070,K,1.0,atm,"H2:0.139, CO:0.035, O2:0.174, N2:0.652",0.5000000000000001,84.0,us,d/dt max,OHEX;,,,x10001033.xml
1074,K,1.1,atm,"H2:0.139, CO:0.035, O2:0.174, N2:0.652",0.5000000000000001,68.0,us,d/dt max,OHEX;,,,x10001033.xml
1088,K,1.0,atm,"H2:0.139, CO:0.035, O2:0.174, N2:0.652",0.5000000000000001,80.0,us,d/dt max,OHEX;,,,x10001033.xml
1092,K,1.0,atm,"H2:0.139, CO:0.035, O2:0.174, N2:0.652",0.5000000000000001,65.0,us,d/dt max,OHEX;,,,x10001033.xml
1119,K,0.9,atm,"H2:0.139, CO:0.035, O2:0.174, N2:0.652",0.5000000000000001,55.0,us,d/dt max,OHEX;,,,x10001033.xml
1151,K,1.0,atm,"H2:0.139, CO:0.035, O2:0.174, N2:0.652",0.5000000000000001,52.0,us,d/dt max,OHEX;,,,x10001033.xml
914,K,1.1,atm,"H2:0.103, CO:0.071, O2:0.172, N2:0.654",0.5058139534883721,2277.0,us,d/dt max,OHEX;,,,x10001034.xml
951,K,1.1,atm,"H2:0.103, CO:0.071, O2:0.172, N2:0.654",0.5058139534883721,687.0,us,d/dt max,OHEX;,,,x10001034.xml
996,K,1.1,atm,"H2:0.103, CO:0.071, O2:0.172, N2:0.654",0.5058139534883721,181.0,us,d/dt max,OHEX;,,,x10001034.xml
1036,K,1.1,atm,"H2:0.103, CO:0.071, O2:0.172, N2:0.654",0.5058139534883721,111.0,us,d/dt max,OHEX;,,,x10001034.xml
1072,K,1.1,atm,"H2:0.103, CO:0.071, O2:0.172, N2:0.654",0.5058139534883721,87.0,us,d/dt max,OHEX;,,,x10001034.xml
1125,K,1.1,atm,"H2:0.103, CO:0.071, O2:0.172, N2:0.654",0.5058139534883721,67.0,us,d/dt max,OHEX;,,,x10001034.xml
1175,K,1.0,atm,"H2:0.103, CO:0.071, O2:0.172, N2:0.654",0.5058139534883721,55.0,us,d/dt max,OHEX;,,,x10001034.xml
1187,K,1.0,atm,"H2:0.103, CO:0.071, O2:0.172, N2:0.654",0.5058139534883721,39.0,us,d/dt max,OHEX;,,,x10001034.xml
1241,K,1.0,atm,"H2:0.103, CO:0.071, O2:0.172, N2:0.654",0.5058139534883721,29.0,us,d/dt max,OHEX;,,,x10001034.xml
900,K,0.9,atm,"H2:0.07, CO:0.104, O2:0.174, N2:0.651",0.5,2935.0,us,d/dt max,OHEX;,,,x10001035.xml
933,K,1.1,atm,"H2:0.07, CO:0.104, O2:0.174, N2:0.651",0.5,1471.0,us,d/dt max,OHEX;,,,x10001035.xml
948,K,1.1,atm,"H2:0.07, CO:0.104, O2:0.174, N2:0.651",0.5,600.0,us,d/dt max,OHEX;,,,x10001035.xml
950,K,0.9,atm,"H2:0.07, CO:0.104, O2:0.174, N2:0.651",0.5,748.0,us,d/dt max,OHEX;,,,x10001035.xml
1009,K,1.1,atm,"H2:0.07, CO:0.104, O2:0.174, N2:0.651",0.5,193.0,us,d/dt max,OHEX;,,,x10001035.xml
1024,K,1.1,atm,"H2:0.07, CO:0.104, O2:0.174, N2:0.651",0.5,160.0,us,d/dt max,OHEX;,,,x10001035.xml
1026,K,1.1,atm,"H2:0.07, CO:0.104, O2:0.174, N2:0.651",0.5,153.0,us,d/dt max,OHEX;,,,x10001035.xml
1071,K,1.1,atm,"H2:0.07, CO:0.104, O2:0.174, N2:0.651",0.5,99.0,us,d/dt max,OHEX;,,,x10001035.xml
1078,K,1.1,atm,"H2:0.07, CO:0.104, O2:0.174, N2:0.651",0.5,93.0,us,d/dt max,OHEX;,,,x10001035.xml
1113,K,1.1,atm,"H2:0.07, CO:0.104, O2:0.174, N2:0.651",0.5,73.0,us,d/dt max,OHEX;,,,x10001035.xml
1145,K,1.1,atm,"H2:0.07, CO:0.104, O2:0.174, N2:0.651",0.5,47.0,us,d/dt max,OHEX;,,,x10001035.xml
1154,K,1.0,atm,"H2:0.07, CO:0.104, O2:0.174, N2:0.651",0.5,69.0,us,d/dt max,OHEX;,,,x10001035.xml
1162,K,1.0,atm,"H2:0.07, CO:0.104, O2:0.174, N2:0.651",0.5,57.0,us,d/dt max,OHEX;,,,x10001035.xml
1169,K,1.0,atm,"H2:0.07, CO:0.104, O2:0.174, N2:0.651",0.5,61.0,us,d/dt max,OHEX;,,,x10001035.xml
934,K,1.2,atm,"H2:0.035, CO:0.14, O2:0.174, N2:0.651",0.5028735632183909,1427.0,us,d/dt max,OHEX;,,,x10001036.xml
936,K,1.2,atm,"H2:0.035, CO:0.14, O2:0.174, N2:0.651",0.5028735632183909,1331.0,us,d/dt max,OHEX;,,,x10001036.xml
957,K,1.2,atm,"H2:0.035, CO:0.14, O2:0.174, N2:0.651",0.5028735632183909,1015.0,us,d/dt max,OHEX;,,,x10001036.xml
957,K,1.2,atm,"H2:0.035, CO:0.14, O2:0.174, N2:0.651",0.5028735632183909,640.0,us,d/dt max,OHEX;,,,x10001036.xml
976,K,1.2,atm,"H2:0.035, CO:0.14, O2:0.174, N2:0.651",0.5028735632183909,337.0,us,d/dt max,OHEX;,,,x10001036.xml
985,K,1.2,atm,"H2:0.035, CO:0.14, O2:0.174, N2:0.651",0.5028735632183909,270.0,us,d/dt max,OHEX;,,,x10001036.xml
987,K,1.1,atm,"H2:0.035, CO:0.14, O2:0.174, N2:0.651",0.5028735632183909,268.0,us,d/dt max,OHEX;,,,x10001036.xml
1015,K,1.1,atm,"H2:0.035, CO:0.14, O2:0.174, N2:0.651",0.5028735632183909,219.0,us,d/dt max,OHEX;,,,x10001036.xml
1024,K,1.1,atm,"H2:0.035, CO:0.14, O2:0.174, N2:0.651",0.5028735632183909,173.0,us,d/dt max,OHEX;,,,x10001036.xml
1046,K,1.1,atm,"H2:0.035, CO:0.14, O2:0.174, N2:0.651",0.5028735632183909,139.0,us,d/dt max,OHEX;,,,x10001036.xml
1061,K,1.1,atm,"H2:0.035, CO:0.14, O2:0.174, N2:0.651",0.5028735632183909,131.0,us,d/dt max,OHEX;,,,x10001036.xml
1100,K,1.1,atm,"H2:0.035, CO:0.14, O2:0.174, N2:0.651",0.5028735632183909,96.0,us,d/dt max,OHEX;,,,x10001036.xml
1156,K,1.1,atm,"H2:0.035, CO:0.14, O2:0.174, N2:0.651",0.5028735632183909,83.0,us,d/dt max,OHEX;,,,x10001036.xml
1183,K,1.1,atm,"H2:0.035, CO:0.14, O2:0.174, N2:0.651",0.5028735632183909,63.0,us,d/dt max,OHEX;,,,x10001036.xml
929,K,2.6,atm,"H2:0.035, CO:0.14, O2:0.174, N2:0.651",0.5028735632183909,2593.0,us,d/dt max,OHEX;,,,x10001037.xml
929,K,2.5,atm,"H2:0.035, CO:0.14, O2:0.174, N2:0.651",0.5028735632183909,1817.0,us,d/dt max,OHEX;,,,x10001037.xml
968,K,2.5,atm,"H2:0.035, CO:0.14, O2:0.174, N2:0.651",0.5028735632183909,1061.0,us,d/dt max,OHEX;,,,x10001037.xml
980,K,2.6,atm,"H2:0.035, CO:0.14, O2:0.174, N2:0.651",0.5028735632183909,978.0,us,d/dt max,OHEX;,,,x10001037.xml
992,K,2.6,atm,"H2:0.035, CO:0.14, O2:0.174, N2:0.651",0.5028735632183909,1015.0,us,d/dt max,OHEX;,,,x10001037.xml
1011,K,2.6,atm,"H2:0.035, CO:0.14, O2:0.174, N2:0.651",0.5028735632183909,426.0,us,d/dt max,OHEX;,,,x10001037.xml
1025,K,2.6,atm,"H2:0.035, CO:0.14, O2:0.174, N2:0.651",0.5028735632183909,342.0,us,d/dt max,OHEX;,,,x10001037.xml
1026,K,2.5,atm,"H2:0.035, CO:0.14, O2:0.174, N2:0.651",0.5028735632183909,240.0,us,d/dt max,OHEX;,,,x10001037.xml
1058,K,2.6,atm,"H2:0.035, CO:0.14, O2:0.174, N2:0.651",0.5028735632183909,108.0,us,d/dt max,OHEX;,,,x10001037.xml
1063,K,3.1,atm,"H2:0.035, CO:0.14, O2:0.174, N2:0.651",0.5028735632183909,120.0,us,d/dt max,OHEX;,,,x10001037.xml
1063,K,2.5,atm,"H2:0.035, CO:0.14, O2:0.174, N2:0.651",0.5028735632183909,92.0,us,d/dt max,OHEX;,,,x10001037.xml
1015,K,13.7,atm,"H2:0.035, CO:0.14, O2:0.174, N2:0.651",0.5028735632183909,2278.0,us,d/dt max,OHEX;,,,x10001038.xml
1080,K,14.5,atm,"H2:0.035, CO:0.14, O2:0.174, N2:0.651",0.5028735632183909,1153.0,us,d/dt max,OHEX;,,,x10001038.xml
1114,K,14.9,atm,"H2:0.035, CO:0.14, O2:0.174, N2:0.651",0.5028735632183909,638.0,us,d/dt max,OHEX;,,,x10001038.xml
1139,K,14.9,atm,"H2:0.035, CO:0.14, O2:0.174, N2:0.651",0.5028735632183909,364.0,us,d/dt max,OHEX;,,,x10001038.xml
1182,K,17.9,atm,"H2:0.035, CO:0.14, O2:0.174, N2:0.651",0.5028735632183909,136.0,us,d/dt max,OHEX;,,,x10001038.xml
1190,K,16.8,atm,"H2:0.035, CO:0.14, O2:0.174, N2:0.651",0.5028735632183909,82.0,us,d/dt max,OHEX;,,,x10001038.xml
960,K,1.2,atm,"H2:0.017, CO:0.156, O2:0.175, N2:0.652",0.4942857142857143,1307.0,us,d/dt max,OHEX;,,,x10001039.xml
964,K,1.2,atm,"H2:0.017, CO:0.156, O2:0.175, N2:0.652",0.4942857142857143,1067.0,us,d/dt max,OHEX;,,,x10001039.xml
1012,K,1.2,atm,"H2:0.017, CO:0.156, O2:0.175, N2:0.652",0.4942857142857143,420.0,us,d/dt max,OHEX;,,,x10001039.xml
1033,K,1.1,atm,"H2:0.017, CO:0.156, O2:0.175, N2:0.652",0.4942857142857143,289.0,us,d/dt max,OHEX;,,,x10001039.xml
1041,K,1.1,atm,"H2:0.017, CO:0.156, O2:0.175, N2:0.652",0.4942857142857143,316.0,us,d/dt max,OHEX;,,,x10001039.xml
1052,K,1.1,atm,"H2:0.017, CO:0.156, O2:0.175, N2:0.652",0.4942857142857143,274.0,us,d/dt max,OHEX;,,,x10001039.xml
1087,K,1.1,atm,"H2:0.017, CO:0.156, O2:0.175, N2:0.652",0.4942857142857143,202.0,us,d/dt max,OHEX;,,,x10001039.xml
1125,K,1.1,atm,"H2:0.017, CO:0.156, O2:0.175, N2:0.652",0.4942857142857143,154.0,us,d/dt max,OHEX;,,,x10001039.xml
1157,K,1.1,atm,"H2:0.017, CO:0.156, O2:0.175, N2:0.652",0.4942857142857143,116.0,us,d/dt max,OHEX;,,,x10001039.xml
1197,K,1.1,atm,"H2:0.017, CO:0.156, O2:0.175, N2:0.652",0.4942857142857143,101.0,us,d/dt max,OHEX;,,,x10001039.xml
981,K,2.7,atm,"H2:0.017, CO:0.156, O2:0.175, N2:0.652",0.4942857142857143,2284.0,us,d/dt max,OHEX;,,,x10001040.xml
991,K,2.6,atm,"H2:0.017, CO:0.156, O2:0.175, N2:0.652",0.4942857142857143,994.0,us,d/dt max,OHEX;,,,x10001040.xml
1016,K,2.6,atm,"H2:0.017, CO:0.156, O2:0.175, N2:0.652",0.4942857142857143,582.0,us,d/dt max,OHEX;,,,x10001040.xml
1018,K,2.2,atm,"H2:0.017, CO:0.156, O2:0.175, N2:0.652",0.4942857142857143,497.0,us,d/dt max,OHEX;,,,x10001040.xml
1026,K,2.6,atm,"H2:0.017, CO:0.156, O2:0.175, N2:0.652",0.4942857142857143,434.0,us,d/dt max,OHEX;,,,x10001040.xml
1048,K,2.5,atm,"H2:0.017, CO:0.156, O2:0.175, N2:0.652",0.4942857142857143,236.0,us,d/dt max,OHEX;,,,x10001040.xml
1060,K,2.1,atm,"H2:0.017, CO:0.156, O2:0.175, N2:0.652",0.4942857142857143,166.0,us,d/dt max,OHEX;,,,x10001040.xml
1076,K,2.5,atm,"H2:0.017, CO:0.156, O2:0.175, N2:0.652",0.4942857142857143,143.0,us,d/dt max,OHEX;,,,x10001040.xml
1088,K,2.5,atm,"H2:0.017, CO:0.156, O2:0.175, N2:0.652",0.4942857142857143,132.0,us,d/dt max,OHEX;,,,x10001040.xml
1112,K,2.1,atm,"H2:0.017, CO:0.156, O2:0.175, N2:0.652",0.4942857142857143,90.0,us,d/dt max,OHEX;,,,x10001040.xml
1118,K,2.5,atm,"H2:0.017, CO:0.156, O2:0.175, N2:0.652",0.4942857142857143,94.0,us,d/dt max,OHEX;,,,x10001040.xml
1148,K,2.3,atm,"H2:0.017, CO:0.156, O2:0.175, N2:0.652",0.4942857142857143,70.0,us,d/dt max,OHEX;,,,x10001040.xml
1063,K,14.3,atm,"H2:0.017, CO:0.156, O2:0.175, N2:0.652",0.4942857142857143,1695.0,us,d/dt max,OHEX;,,,x10001041.xml
1090,K,13.6,atm,"H2:0.017, CO:0.156, O2:0.175, N2:0.652",0.4942857142857143,842.0,us,d/dt max,OHEX;,,,x10001041.xml
1117,K,13.3,atm,"H2:0.017, CO:0.156, O2:0.175, N2:0.652",0.4942857142857143,644.0,us,d/dt max,OHEX;,,,x10001041.xml
1123,K,15.2,atm,"H2:0.017, CO:0.156, O2:0.175, N2:0.652",0.4942857142857143,546.0,us,d/dt max,OHEX;,,,x10001041.xml
1126,K,11.9,atm,"H2:0.017, CO:0.156, O2:0.175, N2:0.652",0.4942857142857143,472.0,us,d/dt max,OHEX;,,,x10001041.xml
1139,K,14.3,atm,"H2:0.017, CO:0.156, O2:0.175, N2:0.652",0.4942857142857143,395.0,us,d/dt max,OHEX;,,,x10001041.xml
1158,K,14.7,atm,"H2:0.017, CO:0.156, O2:0.175, N2:0.652",0.4942857142857143,272.0,us,d/dt max,OHEX;,,,x10001041.xml
1159,K,13.2,atm,"H2:0.017, CO:0.156, O2:0.175, N2:0.652",0.4942857142857143,265.0,us,d/dt max,OHEX;,,,x10001041.xml
1221,K,15.7,atm,"H2:0.017, CO:0.156, O2:0.175, N2:0.652",0.4942857142857143,72.0,us,d/dt max,OHEX;,,,x10001041.xml
1265,K,17.1,atm,"H2:0.017, CO:0.156, O2:0.175, N2:0.652",0.4942857142857143,25.0,us,d/dt max,OHEX;,,,x10001041.xml
968,K,1.2,atm,"H2:0.009, CO:0.165, O2:0.175, N2:0.652",0.4971428571428572,1365.0,us,d/dt max,OHEX;,,,x10001042.xml
977,K,1.2,atm,"H2:0.009, CO:0.165, O2:0.175, N2:0.652",0.4971428571428572,1099.0,us,d/dt max,OHEX;,,,x10001042.xml
979,K,1.2,atm,"H2:0.009, CO:0.165, O2:0.175, N2:0.652",0.4971428571428572,856.0,us,d/dt max,OHEX;,,,x10001042.xml
982,K,1.1,atm,"H2:0.009, CO:0.165, O2:0.175, N2:0.652",0.4971428571428572,970.0,us,d/dt max,OHEX;,,,x10001042.xml
1010,K,1.2,atm,"H2:0.009, CO:0.165, O2:0.175, N2:0.652",0.4971428571428572,611.0,us,d/dt max,OHEX;,,,x10001042.xml
1034,K,1.1,atm,"H2:0.009, CO:0.165, O2:0.175, N2:0.652",0.4971428571428572,399.0,us,d/dt max,OHEX;,,,x10001042.xml
1050,K,1.1,atm,"H2:0.009, CO:0.165, O2:0.175, N2:0.652",0.4971428571428572,272.0,us,d/dt max,OHEX;,,,x10001042.xml
1051,K,1.2,atm,"H2:0.009, CO:0.165, O2:0.175, N2:0.652",0.4971428571428572,282.0,us,d/dt max,OHEX;,,,x10001042.xml
1057,K,1.1,atm,"H2:0.009, CO:0.165, O2:0.175, N2:0.652",0.4971428571428572,297.0,us,d/dt max,OHEX;,,,x10001042.xml
1090,K,1.1,atm,"H2:0.009, CO:0.165, O2:0.175, N2:0.652",0.4971428571428572,229.0,us,d/dt max,OHEX;,,,x10001042.xml
1108,K,1.1,atm,"H2:0.009, CO:0.165, O2:0.175, N2:0.652",0.4971428571428572,246.0,us,d/dt max,OHEX;,,,x10001042.xml
1110,K,1.1,atm,"H2:0.009, CO:0.165, O2:0.175, N2:0.652",0.4971428571428572,222.0,us,d/dt max,OHEX;,,,x10001042.xml
1126,K,1.1,atm,"H2:0.009, CO:0.165, O2:0.175, N2:0.652",0.4971428571428572,170.0,us,d/dt max,OHEX;,,,x10001042.xml
1145,K,1.1,atm,"H2:0.009, CO:0.165, O2:0.175, N2:0.652",0.4971428571428572,146.0,us,d/dt max,OHEX;,,,x10001042.xml
1176,K,1.0,atm,"H2:0.009, CO:0.165, O2:0.175, N2:0.652",0.4971428571428572,129.0,us,d/dt max,OHEX;,,,x10001042.xml
1195,K,1.1,atm,"H2:0.009, CO:0.165, O2:0.175, N2:0.652",0.4971428571428572,99.0,us,d/dt max,OHEX;,,,x10001042.xml
1206,K,1.0,atm,"H2:0.009, CO:0.165, O2:0.175, N2:0.652",0.4971428571428572,112.0,us,d/dt max,OHEX;,,,x10001042.xml
1263,K,1.1,atm,"H2:0.009, CO:0.165, O2:0.175, N2:0.652",0.4971428571428572,82.0,us,d/dt max,OHEX;,,,x10001042.xml
977,K,2.3,atm,"H2:0.009, CO:0.165, O2:0.175, N2:0.652",0.4971428571428572,1538.0,us,d/dt max,OHEX;,,,x10001043.xml
1005,K,2.3,atm,"H2:0.009, CO:0.165, O2:0.175, N2:0.652",0.4971428571428572,1005.0,us,d/dt max,OHEX;,,,x10001043.xml
1010,K,2.2,atm,"H2:0.009, CO:0.165, O2:0.175, N2:0.652",0.4971428571428572,780.0,us,d/dt max,OHEX;,,,x10001043.xml
1034,K,2.2,atm,"H2:0.009, CO:0.165, O2:0.175, N2:0.652",0.4971428571428572,453.0,us,d/dt max,OHEX;,,,x10001043.xml
1039,K,2.1,atm,"H2:0.009, CO:0.165, O2:0.175, N2:0.652",0.4971428571428572,363.0,us,d/dt max,OHEX;,,,x10001043.xml
1085,K,2.1,atm,"H2:0.009, CO:0.165, O2:0.175, N2:0.652",0.4971428571428572,191.0,us,d/dt max,OHEX;,,,x10001043.xml
1114,K,2.1,atm,"H2:0.009, CO:0.165, O2:0.175, N2:0.652",0.4971428571428572,139.0,us,d/dt max,OHEX;,,,x10001043.xml
1149,K,2.0,atm,"H2:0.009, CO:0.165, O2:0.175, N2:0.652",0.4971428571428572,114.0,us,d/dt max,OHEX;,,,x10001043.xml
1167,K,2.0,atm,"H2:0.009, CO:0.165, O2:0.175, N2:0.652",0.4971428571428572,87.0,us,d/dt max,OHEX;,,,x10001043.xml
1181,K,1.9,atm,"H2:0.009, CO:0.165, O2:0.175, N2:0.652",0.4971428571428572,77.0,us,d/dt max,OHEX;,,,x10001043.xml
1230,K,1.9,atm,"H2:0.009, CO:0.165, O2:0.175, N2:0.652",0.4971428571428572,70.0,us,d/dt max,OHEX;,,,x10001043.xml
1285,K,1.9,atm,"H2:0.009, CO:0.165, O2:0.175, N2:0.652",0.4971428571428572,55.0,us,d/dt max,OHEX;,,,x10001043.xml
1304,K,1.7,atm,"H2:0.009, CO:0.165, O2:0.175, N2:0.652",0.4971428571428572,51.0,us,d/dt max,OHEX;,,,x10001043.xml
1074,K,19.2,atm,"H2:0.009, CO:0.165, O2:0.175, N2:0.652",0.4971428571428572,1823.0,us,d/dt max,OHEX;,,,x10001044.xml
1110,K,12.7,atm,"H2:0.009, CO:0.165, O2:0.175, N2:0.652",0.4971428571428572,1186.0,us,d/dt max,OHEX;,,,x10001044.xml
1114,K,14.6,atm,"H2:0.009, CO:0.165, O2:0.175, N2:0.652",0.4971428571428572,813.0,us,d/dt max,OHEX;,,,x10001044.xml
1121,K,14.0,atm,"H2:0.009, CO:0.165, O2:0.175, N2:0.652",0.4971428571428572,758.0,us,d/dt max,OHEX;,,,x10001044.xml
1142,K,13.6,atm,"H2:0.009, CO:0.165, O2:0.175, N2:0.652",0.4971428571428572,713.0,us,d/dt max,OHEX;,,,x10001044.xml
1144,K,14.8,atm,"H2:0.009, CO:0.165, O2:0.175, N2:0.652",0.4971428571428572,748.0,us,d/dt max,OHEX;,,,x10001044.xml
1151,K,13.9,atm,"H2:0.009, CO:0.165, O2:0.175, N2:0.652",0.4971428571428572,435.0,us,d/dt max,OHEX;,,,x10001044.xml
1163,K,13.5,atm,"H2:0.009, CO:0.165, O2:0.175, N2:0.652",0.4971428571428572,266.0,us,d/dt max,OHEX;,,,x10001044.xml
2050,K,1.23,atm,"H2:0.00049, CO:0.0328, O2:0.0101, Ar:0.95661",1.6480198019801982,375.0,us,concentration,CO2;,3.985293E-008,mol/cm3,x10001049.xml
2140,K,1.32,atm,"H2:0.00049, CO:0.0328, O2:0.0101, Ar:0.95661",1.6480198019801982,320.0,us,concentration,CO2;,3.985293E-008,mol/cm3,x10001049.xml
2250,K,1.41,atm,"H2:0.00049, CO:0.0328, O2:0.0101, Ar:0.95661",1.6480198019801982,237.0,us,concentration,CO2;,3.985293E-008,mol/cm3,x10001049.xml
2355,K,1.5,atm,"H2:0.00049, CO:0.0328, O2:0.0101, Ar:0.95661",1.6480198019801982,225.0,us,concentration,CO2;,3.985293E-008,mol/cm3,x10001049.xml
2560,K,1.69,atm,"H2:0.00049, CO:0.0328, O2:0.0101, Ar:0.95661",1.6480198019801982,126.0,us,concentration,CO2;,3.985293E-008,mol/cm3,x10001049.xml
2620,K,1.74,atm,"H2:0.00049, CO:0.0328, O2:0.0101, Ar:0.95661",1.6480198019801982,115.0,us,concentration,CO2;,3.985293E-008,mol/cm3,x10001049.xml
2675,K,1.8,atm,"H2:0.00049, CO:0.0328, O2:0.0101, Ar:0.95661",1.6480198019801982,112.0,us,concentration,CO2;,3.985293E-008,mol/cm3,x10001049.xml
2765,K,1.87,atm,"H2:0.00049, CO:0.0328, O2:0.0101, Ar:0.95661",1.6480198019801982,94.0,us,concentration,CO2;,3.985293E-008,mol/cm3,x10001049.xml
2810,K,1.91,atm,"H2:0.00049, CO:0.0328, O2:0.0101, Ar:0.95661",1.6480198019801982,100.0,us,concentration,CO2;,3.985293E-008,mol/cm3,x10001049.xml
2050,K,1.23,atm,"H2:0.00049, CO:0.0328, O2:0.0101, Ar:0.95661",1.6480198019801982,195.0,us,concentration,CO2;,1.328431E-008,mol/cm3,x10001050.xml
2140,K,1.32,atm,"H2:0.00049, CO:0.0328, O2:0.0101, Ar:0.95661",1.6480198019801982,165.0,us,concentration,CO2;,1.328431E-008,mol/cm3,x10001050.xml
2250,K,1.41,atm,"H2:0.00049, CO:0.0328, O2:0.0101, Ar:0.95661",1.6480198019801982,120.0,us,concentration,CO2;,1.328431E-008,mol/cm3,x10001050.xml
2355,K,1.5,atm,"H2:0.00049, CO:0.0328, O2:0.0101, Ar:0.95661",1.6480198019801982,105.0,us,concentration,CO2;,1.328431E-008,mol/cm3,x10001050.xml
2560,K,1.69,atm,"H2:0.00049, CO:0.0328, O2:0.0101, Ar:0.95661",1.6480198019801982,64.0,us,concentration,CO2;,1.328431E-008,mol/cm3,x10001050.xml
2620,K,1.74,atm,"H2:0.00049, CO:0.0328, O2:0.0101, Ar:0.95661",1.6480198019801982,57.0,us,concentration,CO2;,1.328431E-008,mol/cm3,x10001050.xml
2675,K,1.8,atm,"H2:0.00049, CO:0.0328, O2:0.0101, Ar:0.95661",1.6480198019801982,55.0,us,concentration,CO2;,1.328431E-008,mol/cm3,x10001050.xml
2765,K,1.87,atm,"H2:0.00049, CO:0.0328, O2:0.0101, Ar:0.95661",1.6480198019801982,44.0,us,concentration,CO2;,1.328431E-008,mol/cm3,x10001050.xml
2810,K,1.91,atm,"H2:0.00049, CO:0.0328, O2:0.0101, Ar:0.95661",1.6480198019801982,46.0,us,concentration,CO2;,1.328431E-008,mol/cm3,x10001050.xml
2070,K,1.4,atm,"H2:0.0005, CO:0.1217, O2:0.01, Ar:0.8678",6.11,185.0,us,concentration,CO2;,4.981616E-008,mol/cm3,x10001051.xml
2160,K,1.49,atm,"H2:0.0005, CO:0.1217, O2:0.01, Ar:0.8678",6.11,143.0,us,concentration,CO2;,4.981616E-008,mol/cm3,x10001051.xml
2215,K,1.54,atm,"H2:0.0005, CO:0.1217, O2:0.01, Ar:0.8678",6.11,137.0,us,concentration,CO2;,4.981616E-008,mol/cm3,x10001051.xml
2215,K,1.54,atm,"H2:0.0005, CO:0.1217, O2:0.01, Ar:0.8678",6.11,130.0,us,concentration,CO2;,4.981616E-008,mol/cm3,x10001051.xml
2325,K,1.65,atm,"H2:0.0005, CO:0.1217, O2:0.01, Ar:0.8678",6.11,98.0,us,concentration,CO2;,4.981616E-008,mol/cm3,x10001051.xml
2375,K,1.7,atm,"H2:0.0005, CO:0.1217, O2:0.01, Ar:0.8678",6.11,100.0,us,concentration,CO2;,4.981616E-008,mol/cm3,x10001051.xml
2475,K,1.8,atm,"H2:0.0005, CO:0.1217, O2:0.01, Ar:0.8678",6.11,80.0,us,concentration,CO2;,4.981616E-008,mol/cm3,x10001051.xml
2565,K,1.88,atm,"H2:0.0005, CO:0.1217, O2:0.01, Ar:0.8678",6.11,75.0,us,concentration,CO2;,4.981616E-008,mol/cm3,x10001051.xml
2625,K,1.95,atm,"H2:0.0005, CO:0.1217, O2:0.01, Ar:0.8678",6.11,60.0,us,concentration,CO2;,4.981616E-008,mol/cm3,x10001051.xml
2700,K,2.02,atm,"H2:0.0005, CO:0.1217, O2:0.01, Ar:0.8678",6.11,63.0,us,concentration,CO2;,4.981616E-008,mol/cm3,x10001051.xml
2740,K,2.07,atm,"H2:0.0005, CO:0.1217, O2:0.01, Ar:0.8678",6.11,50.0,us,concentration,CO2;,4.981616E-008,mol/cm3,x10001051.xml
2820,K,2.13,atm,"H2:0.0005, CO:0.1217, O2:0.01, Ar:0.8678",6.11,48.0,us,concentration,CO2;,4.981616E-008,mol/cm3,x10001051.xml
2870,K,2.2,atm,"H2:0.0005, CO:0.1217, O2:0.01, Ar:0.8678",6.11,45.0,us,concentration,CO2;,4.981616E-008,mol/cm3,x10001051.xml
2070,K,1.4,atm,"H2:0.0005, CO:0.1217, O2:0.01, Ar:0.8678",6.11,108.0,us,concentration,CO2;,1.660539E-008,mol/cm3,x10001052.xml
2160,K,1.49,atm,"H2:0.0005, CO:0.1217, O2:0.01, Ar:0.8678",6.11,84.0,us,concentration,CO2;,1.660539E-008,mol/cm3,x10001052.xml
2215,K,1.54,atm,"H2:0.0005, CO:0.1217, O2:0.01, Ar:0.8678",6.11,78.0,us,concentration,CO2;,1.660539E-008,mol/cm3,x10001052.xml
2215,K,1.54,atm,"H2:0.0005, CO:0.1217, O2:0.01, Ar:0.8678",6.11,76.0,us,concentration,CO2;,1.660539E-008,mol/cm3,x10001052.xml
2325,K,1.65,atm,"H2:0.0005, CO:0.1217, O2:0.01, Ar:0.8678",6.11,58.0,us,concentration,CO2;,1.660539E-008,mol/cm3,x10001052.xml
2375,K,1.7,atm,"H2:0.0005, CO:0.1217, O2:0.01, Ar:0.8678",6.11,58.0,us,concentration,CO2;,1.660539E-008,mol/cm3,x10001052.xml
2475,K,1.8,atm,"H2:0.0005, CO:0.1217, O2:0.01, Ar:0.8678",6.11,45.0,us,concentration,CO2;,1.660539E-008,mol/cm3,x10001052.xml
2565,K,1.88,atm,"H2:0.0005, CO:0.1217, O2:0.01, Ar:0.8678",6.11,42.0,us,concentration,CO2;,1.660539E-008,mol/cm3,x10001052.xml
2625,K,1.95,atm,"H2:0.0005, CO:0.1217, O2:0.01, Ar:0.8678",6.11,35.0,us,concentration,CO2;,1.660539E-008,mol/cm3,x10001052.xml
2700,K,2.02,atm,"H2:0.0005, CO:0.1217, O2:0.01, Ar:0.8678",6.11,35.0,us,concentration,CO2;,1.660539E-008,mol/cm3,x10001052.xml
2740,K,2.07,atm,"H2:0.0005, CO:0.1217, O2:0.01, Ar:0.8678",6.11,27.0,us,concentration,CO2;,1.660539E-008,mol/cm3,x10001052.xml
2820,K,2.13,atm,"H2:0.0005, CO:0.1217, O2:0.01, Ar:0.8678",6.11,26.0,us,concentration,CO2;,1.660539E-008,mol/cm3,x10001052.xml
2870,K,2.2,atm,"H2:0.0005, CO:0.1217, O2:0.01, Ar:0.8678",6.11,24.0,us,concentration,CO2;,1.660539E-008,mol/cm3,x10001052.xml
1046,K,16.8,bar,"CO:0.08228, H2:0.00436, O2:0.08657, Ar:0.82679",0.5004042971006123,4340.0,us,max,OHEX;,,,x10001053.xml
1048,K,16.24,bar,"CO:0.08228, H2:0.00436, O2:0.08657, Ar:0.82679",0.5004042971006123,3950.0,us,max,OHEX;,,,x10001053.xml
1056,K,14.48,bar,"CO:0.08228, H2:0.00436, O2:0.08657, Ar:0.82679",0.5004042971006123,3310.0,us,max,OHEX;,,,x10001053.xml
1072,K,15.76,bar,"CO:0.08228, H2:0.00436, O2:0.08657, Ar:0.82679",0.5004042971006123,2660.0,us,max,OHEX;,,,x10001053.xml
1130,K,16.91,bar,"CO:0.08228, H2:0.00436, O2:0.08657, Ar:0.82679",0.5004042971006123,1020.0,us,max,OHEX;,,,x10001053.xml
1131,K,14.77,bar,"CO:0.08228, H2:0.00436, O2:0.08657, Ar:0.82679",0.5004042971006123,886.0,us,max,OHEX;,,,x10001053.xml
1132,K,16.15,bar,"CO:0.08228, H2:0.00436, O2:0.08657, Ar:0.82679",0.5004042971006123,986.0,us,max,OHEX;,,,x10001053.xml
1107,K,16.18,bar,"CO:0.03301, H2:0.00175, O2:0.03473, Ar:0.93051",0.5004319032536713,3970.0,us,max,OHEX;,,,x10001054.xml
1131,K,15.66,bar,"CO:0.03301, H2:0.00175, O2:0.03473, Ar:0.93051",0.5004319032536713,2500.0,us,max,OHEX;,,,x10001054.xml
1159,K,16.14,bar,"CO:0.03301, H2:0.00175, O2:0.03473, Ar:0.93051",0.5004319032536713,1350.0,us,max,OHEX;,,,x10001054.xml
1180,K,16.3,bar,"CO:0.03301, H2:0.00175, O2:0.03473, Ar:0.93051",0.5004319032536713,884.0,us,max,OHEX;,,,x10001054.xml
1206,K,16.38,bar,"CO:0.03301, H2:0.00175, O2:0.03473, Ar:0.93051",0.5004319032536713,588.0,us,max,OHEX;,,,x10001054.xml
1165,K,16.05,bar,"CO:0.01654, H2:0.00088, O2:0.0174, Ar:0.96518",0.5005747126436781,1070.0,us,max,OHEX;,,,x10001055.xml
1167,K,16.03,bar,"CO:0.01654, H2:0.00088, O2:0.0174, Ar:0.96518",0.5005747126436781,900.0,us,max,OHEX;,,,x10001055.xml
1207,K,16.42,bar,"CO:0.01654, H2:0.00088, O2:0.0174, Ar:0.96518",0.5005747126436781,470.0,us,max,OHEX;,,,x10001055.xml
1223,K,16.04,bar,"CO:0.01654, H2:0.00088, O2:0.0174, Ar:0.96518",0.5005747126436781,335.0,us,max,OHEX;,,,x10001055.xml
1259,K,15.88,bar,"CO:0.01654, H2:0.00088, O2:0.0174, Ar:0.96518",0.5005747126436781,210.0,us,max,OHEX;,,,x10001055.xml
1019,K,14.11,bar,"CO:0.04364, H2:0.04364, O2:0.08718, Ar:0.82554",0.5005735260380821,3430.0,us,max,OHEX;,,,x10001056.xml
1042,K,15.27,bar,"CO:0.04364, H2:0.04364, O2:0.08718, Ar:0.82554",0.5005735260380821,2410.0,us,max,OHEX;,,,x10001056.xml
1051,K,15.27,bar,"CO:0.04364, H2:0.04364, O2:0.08718, Ar:0.82554",0.5005735260380821,1810.0,us,max,OHEX;,,,x10001056.xml
1078,K,15.84,bar,"CO:0.04364, H2:0.04364, O2:0.08718, Ar:0.82554",0.5005735260380821,692.0,us,max,OHEX;,,,x10001056.xml
1097,K,15.56,bar,"CO:0.04364, H2:0.04364, O2:0.08718, Ar:0.82554",0.5005735260380821,470.0,us,max,OHEX;,,,x10001056.xml
1048,K,15.97,bar,"CO:0.018, H2:0.0177, O2:0.03559, Ar:0.92871",0.5015453779151446,3210.0,us,max,OHEX;,,,x10001057.xml
1055,K,15.77,bar,"CO:0.018, H2:0.0177, O2:0.03559, Ar:0.92871",0.5015453779151446,2750.0,us,max,OHEX;,,,x10001057.xml
1085,K,15.93,bar,"CO:0.018, H2:0.0177, O2:0.03559, Ar:0.92871",0.5015453779151446,1550.0,us,max,OHEX;,,,x10001057.xml
1086,K,15.53,bar,"CO:0.018, H2:0.0177, O2:0.03559, Ar:0.92871",0.5015453779151446,1310.0,us,max,OHEX;,,,x10001057.xml
1106,K,15.31,bar,"CO:0.018, H2:0.0177, O2:0.03559, Ar:0.92871",0.5015453779151446,714.0,us,max,OHEX;,,,x10001057.xml
1111,K,15.62,bar,"CO:0.018, H2:0.0177, O2:0.03559, Ar:0.92871",0.5015453779151446,825.0,us,max,OHEX;,,,x10001057.xml
1128,K,15.53,bar,"CO:0.018, H2:0.0177, O2:0.03559, Ar:0.92871",0.5015453779151446,374.0,us,max,OHEX;,,,x10001057.xml
1054,K,15.59,bar,"CO:0.00872, H2:0.00858, O2:0.01725, Ar:0.96545",0.5014492753623189,3960.0,us,max,OHEX;,,,x10001058.xml
1064,K,15.69,bar,"CO:0.00872, H2:0.00858, O2:0.01725, Ar:0.96545",0.5014492753623189,3230.0,us,max,OHEX;,,,x10001058.xml
1090,K,15.82,bar,"CO:0.00872, H2:0.00858, O2:0.01725, Ar:0.96545",0.5014492753623189,1850.0,us,max,OHEX;,,,x10001058.xml
1094,K,15.5,bar,"CO:0.00872, H2:0.00858, O2:0.01725, Ar:0.96545",0.5014492753623189,1710.0,us,max,OHEX;,,,x10001058.xml
1116,K,15.79,bar,"CO:0.00872, H2:0.00858, O2:0.01725, Ar:0.96545",0.5014492753623189,925.0,us,max,OHEX;,,,x10001058.xml
1140,K,15.87,bar,"CO:0.00872, H2:0.00858, O2:0.01725, Ar:0.96545",0.5014492753623189,448.0,us,max,OHEX;,,,x10001058.xml
1702,K,1.48,atm,"H2:0.008, CO:0.002, O2:0.01, Ar:0.98",0.5,53.0,us,d/dt max,OHEX;,,,x10001059.xml
1640,K,1.52,atm,"H2:0.008, CO:0.002, O2:0.01, Ar:0.98",0.5,73.0,us,d/dt max,OHEX;,,,x10001059.xml
1570,K,1.68,atm,"H2:0.008, CO:0.002, O2:0.01, Ar:0.98",0.5,90.0,us,d/dt max,OHEX;,,,x10001059.xml
1545,K,1.5,atm,"H2:0.008, CO:0.002, O2:0.01, Ar:0.98",0.5,90.0,us,d/dt max,OHEX;,,,x10001059.xml
1379,K,1.5,atm,"H2:0.008, CO:0.002, O2:0.01, Ar:0.98",0.5,172.0,us,d/dt max,OHEX;,,,x10001059.xml
1357,K,1.61,atm,"H2:0.008, CO:0.002, O2:0.01, Ar:0.98",0.5,187.0,us,d/dt max,OHEX;,,,x10001059.xml
1321,K,1.69,atm,"H2:0.008, CO:0.002, O2:0.01, Ar:0.98",0.5,224.0,us,d/dt max,OHEX;,,,x10001059.xml
1205,K,1.74,atm,"H2:0.008, CO:0.002, O2:0.01, Ar:0.98",0.5,354.0,us,d/dt max,OHEX;,,,x10001059.xml
1132,K,1.75,atm,"H2:0.008, CO:0.002, O2:0.01, Ar:0.98",0.5,527.0,us,d/dt max,OHEX;,,,x10001059.xml
1071,K,1.75,atm,"H2:0.008, CO:0.002, O2:0.01, Ar:0.98",0.5,763.0,us,d/dt max,OHEX;,,,x10001059.xml
1029,K,1.79,atm,"H2:0.008, CO:0.002, O2:0.01, Ar:0.98",0.5,1089.0,us,d/dt max,OHEX;,,,x10001059.xml
982,K,1.77,atm,"H2:0.008, CO:0.002, O2:0.01, Ar:0.98",0.5,1458.0,us,d/dt max,OHEX;,,,x10001059.xml
1298,K,12.3,atm,"H2:0.008, CO:0.002, O2:0.01, Ar:0.98",0.5,49.0,us,d/dt max,OHEX;,,,x10001060.xml
1238,K,12.3,atm,"H2:0.008, CO:0.002, O2:0.01, Ar:0.98",0.5,62.0,us,d/dt max,OHEX;,,,x10001060.xml
1210,K,11.8,atm,"H2:0.008, CO:0.002, O2:0.01, Ar:0.98",0.5,88.0,us,d/dt max,OHEX;,,,x10001060.xml
1181,K,12.2,atm,"H2:0.008, CO:0.002, O2:0.01, Ar:0.98",0.5,93.0,us,d/dt max,OHEX;,,,x10001060.xml
1157,K,12.1,atm,"H2:0.008, CO:0.002, O2:0.01, Ar:0.98",0.5,173.0,us,d/dt max,OHEX;,,,x10001060.xml
1147,K,12.7,atm,"H2:0.008, CO:0.002, O2:0.01, Ar:0.98",0.5,317.0,us,d/dt max,OHEX;,,,x10001060.xml
1116,K,12.8,atm,"H2:0.008, CO:0.002, O2:0.01, Ar:0.98",0.5,949.0,us,d/dt max,OHEX;,,,x10001060.xml
1096,K,12.6,atm,"H2:0.008, CO:0.002, O2:0.01, Ar:0.98",0.5,1787.0,us,d/dt max,OHEX;,,,x10001060.xml
1262,K,30.4,atm,"H2:0.008, CO:0.002, O2:0.01, Ar:0.98",0.5,61.0,us,d/dt max,OHEX;,,,x10001061.xml
1259,K,31.1,atm,"H2:0.008, CO:0.002, O2:0.01, Ar:0.98",0.5,79.0,us,d/dt max,OHEX;,,,x10001061.xml
1241,K,31.4,atm,"H2:0.008, CO:0.002, O2:0.01, Ar:0.98",0.5,141.0,us,d/dt max,OHEX;,,,x10001061.xml
1204,K,31.2,atm,"H2:0.008, CO:0.002, O2:0.01, Ar:0.98",0.5,400.0,us,d/dt max,OHEX;,,,x10001061.xml
1180,K,32.3,atm,"H2:0.008, CO:0.002, O2:0.01, Ar:0.98",0.5,945.0,us,d/dt max,OHEX;,,,x10001061.xml
2001,K,1.46,atm,"H2:0.005, CO:0.005, O2:0.01, Ar:0.98",0.5,40.5,us,d/dt max,OHEX;,,,x10001062.xml
1868,K,1.45,atm,"H2:0.005, CO:0.005, O2:0.01, Ar:0.98",0.5,56.0,us,d/dt max,OHEX;,,,x10001062.xml
1758,K,1.51,atm,"H2:0.005, CO:0.005, O2:0.01, Ar:0.98",0.5,66.0,us,d/dt max,OHEX;,,,x10001062.xml
1685,K,1.38,atm,"H2:0.005, CO:0.005, O2:0.01, Ar:0.98",0.5,96.0,us,d/dt max,OHEX;,,,x10001062.xml
1586,K,1.45,atm,"H2:0.005, CO:0.005, O2:0.01, Ar:0.98",0.5,121.0,us,d/dt max,OHEX;,,,x10001062.xml
1501,K,1.52,atm,"H2:0.005, CO:0.005, O2:0.01, Ar:0.98",0.5,135.0,us,d/dt max,OHEX;,,,x10001062.xml
1376,K,1.66,atm,"H2:0.005, CO:0.005, O2:0.01, Ar:0.98",0.5,204.0,us,d/dt max,OHEX;,,,x10001062.xml
1273,K,1.86,atm,"H2:0.005, CO:0.005, O2:0.01, Ar:0.98",0.5,313.0,us,d/dt max,OHEX;,,,x10001062.xml
1198,K,1.78,atm,"H2:0.005, CO:0.005, O2:0.01, Ar:0.98",0.5,477.0,us,d/dt max,OHEX;,,,x10001062.xml
1170,K,1.75,atm,"H2:0.005, CO:0.005, O2:0.01, Ar:0.98",0.5,530.0,us,d/dt max,OHEX;,,,x10001062.xml
1130,K,1.67,atm,"H2:0.005, CO:0.005, O2:0.01, Ar:0.98",0.5,652.0,us,d/dt max,OHEX;,,,x10001062.xml
1070,K,1.86,atm,"H2:0.005, CO:0.005, O2:0.01, Ar:0.98",0.5,960.0,us,d/dt max,OHEX;,,,x10001062.xml
1068,K,1.73,atm,"H2:0.005, CO:0.005, O2:0.01, Ar:0.98",0.5,881.0,us,d/dt max,OHEX;,,,x10001062.xml
1011,K,1.78,atm,"H2:0.005, CO:0.005, O2:0.01, Ar:0.98",0.5,1291.0,us,d/dt max,OHEX;,,,x10001062.xml
991,K,1.8,atm,"H2:0.005, CO:0.005, O2:0.01, Ar:0.98",0.5,1660.0,us,d/dt max,OHEX;,,,x10001062.xml
1383,K,11.2,atm,"H2:0.005, CO:0.005, O2:0.01, Ar:0.98",0.5,41.0,us,d/dt max,OHEX;,,,x10001063.xml
1348,K,11.5,atm,"H2:0.005, CO:0.005, O2:0.01, Ar:0.98",0.5,45.0,us,d/dt max,OHEX;,,,x10001063.xml
1316,K,11.9,atm,"H2:0.005, CO:0.005, O2:0.01, Ar:0.98",0.5,51.0,us,d/dt max,OHEX;,,,x10001063.xml
1274,K,12.1,atm,"H2:0.005, CO:0.005, O2:0.01, Ar:0.98",0.5,70.0,us,d/dt max,OHEX;,,,x10001063.xml
1239,K,12.2,atm,"H2:0.005, CO:0.005, O2:0.01, Ar:0.98",0.5,87.0,us,d/dt max,OHEX;,,,x10001063.xml
1201,K,12.3,atm,"H2:0.005, CO:0.005, O2:0.01, Ar:0.98",0.5,131.0,us,d/dt max,OHEX;,,,x10001063.xml
1163,K,12.3,atm,"H2:0.005, CO:0.005, O2:0.01, Ar:0.98",0.5,215.0,us,d/dt max,OHEX;,,,x10001063.xml
1130,K,12.3,atm,"H2:0.005, CO:0.005, O2:0.01, Ar:0.98",0.5,400.0,us,d/dt max,OHEX;,,,x10001063.xml
1100,K,12.5,atm,"H2:0.005, CO:0.005, O2:0.01, Ar:0.98",0.5,1034.0,us,d/dt max,OHEX;,,,x10001063.xml
1098,K,12.7,atm,"H2:0.005, CO:0.005, O2:0.01, Ar:0.98",0.5,1060.0,us,d/dt max,OHEX;,,,x10001063.xml
1326,K,31.9,atm,"H2:0.005, CO:0.005, O2:0.01, Ar:0.98",0.5,32.0,us,d/dt max,OHEX;,,,x10001064.xml
1262,K,31.7,atm,"H2:0.005, CO:0.005, O2:0.01, Ar:0.98",0.5,76.0,us,d/dt max,OHEX;,,,x10001064.xml
1231,K,31.9,atm,"H2:0.005, CO:0.005, O2:0.01, Ar:0.98",0.5,246.0,us,d/dt max,OHEX;,,,x10001064.xml
1200,K,31.9,atm,"H2:0.005, CO:0.005, O2:0.01, Ar:0.98",0.5,555.0,us,d/dt max,OHEX;,,,x10001064.xml
1174,K,32.8,atm,"H2:0.005, CO:0.005, O2:0.01, Ar:0.98",0.5,856.0,us,d/dt max,OHEX;,,,x10001064.xml
1177,K,32.2,atm,"H2:0.005, CO:0.005, O2:0.01, Ar:0.98",0.5,967.0,us,d/dt max,OHEX;,,,x10001064.xml
1845,K,1.55,atm,"H2:0.004, CO:0.006, O2:0.01, Ar:0.98",0.5,53.0,us,d/dt max,OHEX;,,,x10001065.xml
1722,K,1.52,atm,"H2:0.004, CO:0.006, O2:0.01, Ar:0.98",0.5,70.0,us,d/dt max,OHEX;,,,x10001065.xml
1692,K,1.59,atm,"H2:0.004, CO:0.006, O2:0.01, Ar:0.98",0.5,77.0,us,d/dt max,OHEX;,,,x10001065.xml
1540,K,1.57,atm,"H2:0.004, CO:0.006, O2:0.01, Ar:0.98",0.5,139.0,us,d/dt max,OHEX;,,,x10001065.xml
1390,K,1.67,atm,"H2:0.004, CO:0.006, O2:0.01, Ar:0.98",0.5,205.0,us,d/dt max,OHEX;,,,x10001065.xml
1264,K,1.73,atm,"H2:0.004, CO:0.006, O2:0.01, Ar:0.98",0.5,338.0,us,d/dt max,OHEX;,,,x10001065.xml
1199,K,1.84,atm,"H2:0.004, CO:0.006, O2:0.01, Ar:0.98",0.5,449.0,us,d/dt max,OHEX;,,,x10001065.xml
1146,K,1.94,atm,"H2:0.004, CO:0.006, O2:0.01, Ar:0.98",0.5,626.0,us,d/dt max,OHEX;,,,x10001065.xml
1074,K,1.94,atm,"H2:0.004, CO:0.006, O2:0.01, Ar:0.98",0.5,855.0,us,d/dt max,OHEX;,,,x10001065.xml
1017,K,1.94,atm,"H2:0.004, CO:0.006, O2:0.01, Ar:0.98",0.5,1461.0,us,d/dt max,OHEX;,,,x10001065.xml
1442,K,12.2,atm,"H2:0.004, CO:0.006, O2:0.01, Ar:0.98",0.5,31.0,us,d/dt max,OHEX;,,,x10001066.xml
1391,K,11.9,atm,"H2:0.004, CO:0.006, O2:0.01, Ar:0.98",0.5,39.0,us,d/dt max,OHEX;,,,x10001066.xml
1333,K,12.1,atm,"H2:0.004, CO:0.006, O2:0.01, Ar:0.98",0.5,44.0,us,d/dt max,OHEX;,,,x10001066.xml
1297,K,12.1,atm,"H2:0.004, CO:0.006, O2:0.01, Ar:0.98",0.5,60.0,us,d/dt max,OHEX;,,,x10001066.xml
1258,K,12.0,atm,"H2:0.004, CO:0.006, O2:0.01, Ar:0.98",0.5,85.0,us,d/dt max,OHEX;,,,x10001066.xml
1208,K,12.6,atm,"H2:0.004, CO:0.006, O2:0.01, Ar:0.98",0.5,144.0,us,d/dt max,OHEX;,,,x10001066.xml
1184,K,12.6,atm,"H2:0.004, CO:0.006, O2:0.01, Ar:0.98",0.5,200.0,us,d/dt max,OHEX;,,,x10001066.xml
1170,K,12.7,atm,"H2:0.004, CO:0.006, O2:0.01, Ar:0.98",0.5,232.0,us,d/dt max,OHEX;,,,x10001066.xml
1137,K,12.6,atm,"H2:0.004, CO:0.006, O2:0.01, Ar:0.98",0.5,414.0,us,d/dt max,OHEX;,,,x10001066.xml
1126,K,13.3,atm,"H2:0.004, CO:0.006, O2:0.01, Ar:0.98",0.5,654.0,us,d/dt max,OHEX;,,,x10001066.xml
1106,K,12.6,atm,"H2:0.004, CO:0.006, O2:0.01, Ar:0.98",0.5,1097.0,us,d/dt max,OHEX;,,,x10001066.xml
1100,K,12.7,atm,"H2:0.004, CO:0.006, O2:0.01, Ar:0.98",0.5,1397.0,us,d/dt max,OHEX;,,,x10001066.xml
1092,K,12.6,atm,"H2:0.004, CO:0.006, O2:0.01, Ar:0.98",0.5,1868.0,us,d/dt max,OHEX;,,,x10001066.xml
1300,K,30.6,atm,"H2:0.004, CO:0.006, O2:0.01, Ar:0.98",0.5,58.0,us,d/dt max,OHEX;,,,x10001067.xml
1259,K,31.3,atm,"H2:0.004, CO:0.006, O2:0.01, Ar:0.98",0.5,104.0,us,d/dt max,OHEX;,,,x10001067.xml
1245,K,31.4,atm,"H2:0.004, CO:0.006, O2:0.01, Ar:0.98",0.5,132.0,us,d/dt max,OHEX;,,,x10001067.xml
1209,K,31.4,atm,"H2:0.004, CO:0.006, O2:0.01, Ar:0.98",0.5,388.0,us,d/dt max,OHEX;,,,x10001067.xml
1181,K,32.4,atm,"H2:0.004, CO:0.006, O2:0.01, Ar:0.98",0.5,904.0,us,d/dt max,OHEX;,,,x10001067.xml
1169,K,32.2,atm,"H2:0.004, CO:0.006, O2:0.01, Ar:0.98",0.5,1116.0,us,d/dt max,OHEX;,,,x10001067.xml
1163,K,32.0,atm,"H2:0.004, CO:0.006, O2:0.01, Ar:0.98",0.5,1233.0,us,d/dt max,OHEX;,,,x10001067.xml
1143,K,32.0,atm,"H2:0.004, CO:0.006, O2:0.01, Ar:0.98",0.5,1614.0,us,d/dt max,OHEX;,,,x10001067.xml
1923,K,1.37,atm,"H2:0.002, CO:0.008, O2:0.01, Ar:0.98",0.5,78.0,us,d/dt max,OHEX;,,,x10001068.xml
1735,K,1.42,atm,"H2:0.002, CO:0.008, O2:0.01, Ar:0.98",0.5,108.0,us,d/dt max,OHEX;,,,x10001068.xml
1494,K,1.5,atm,"H2:0.002, CO:0.008, O2:0.01, Ar:0.98",0.5,193.0,us,d/dt max,OHEX;,,,x10001068.xml
1361,K,1.62,atm,"H2:0.002, CO:0.008, O2:0.01, Ar:0.98",0.5,268.0,us,d/dt max,OHEX;,,,x10001068.xml
1256,K,1.7,atm,"H2:0.002, CO:0.008, O2:0.01, Ar:0.98",0.5,457.0,us,d/dt max,OHEX;,,,x10001068.xml
1133,K,1.79,atm,"H2:0.002, CO:0.008, O2:0.01, Ar:0.98",0.5,784.0,us,d/dt max,OHEX;,,,x10001068.xml
1093,K,1.9,atm,"H2:0.002, CO:0.008, O2:0.01, Ar:0.98",0.5,1039.0,us,d/dt max,OHEX;,,,x10001068.xml
1057,K,1.9,atm,"H2:0.002, CO:0.008, O2:0.01, Ar:0.98",0.5,1230.0,us,d/dt max,OHEX;,,,x10001068.xml
1388,K,12.3,atm,"H2:0.002, CO:0.008, O2:0.01, Ar:0.98",0.5,54.0,us,d/dt max,OHEX;,,,x10001069.xml
1317,K,11.8,atm,"H2:0.002, CO:0.008, O2:0.01, Ar:0.98",0.5,79.0,us,d/dt max,OHEX;,,,x10001069.xml
1257,K,11.8,atm,"H2:0.002, CO:0.008, O2:0.01, Ar:0.98",0.5,96.0,us,d/dt max,OHEX;,,,x10001069.xml
1217,K,12.2,atm,"H2:0.002, CO:0.008, O2:0.01, Ar:0.98",0.5,121.0,us,d/dt max,OHEX;,,,x10001069.xml
1191,K,12.6,atm,"H2:0.002, CO:0.008, O2:0.01, Ar:0.98",0.5,230.0,us,d/dt max,OHEX;,,,x10001069.xml
1161,K,13.0,atm,"H2:0.002, CO:0.008, O2:0.01, Ar:0.98",0.5,389.0,us,d/dt max,OHEX;,,,x10001069.xml
1117,K,12.9,atm,"H2:0.002, CO:0.008, O2:0.01, Ar:0.98",0.5,1150.0,us,d/dt max,OHEX;,,,x10001069.xml
1097,K,12.5,atm,"H2:0.002, CO:0.008, O2:0.01, Ar:0.98",0.5,1722.0,us,d/dt max,OHEX;,,,x10001069.xml
1320,K,30.3,atm,"H2:0.002, CO:0.008, O2:0.01, Ar:0.98",0.5,58.0,us,d/dt max,OHEX;,,,x10001070.xml
1288,K,30.5,atm,"H2:0.002, CO:0.008, O2:0.01, Ar:0.98",0.5,90.0,us,d/dt max,OHEX;,,,x10001070.xml
1259,K,31.2,atm,"H2:0.002, CO:0.008, O2:0.01, Ar:0.98",0.5,133.0,us,d/dt max,OHEX;,,,x10001070.xml
1218,K,31.7,atm,"H2:0.002, CO:0.008, O2:0.01, Ar:0.98",0.5,412.0,us,d/dt max,OHEX;,,,x10001070.xml
1184,K,32.2,atm,"H2:0.002, CO:0.008, O2:0.01, Ar:0.98",0.5,903.0,us,d/dt max,OHEX;,,,x10001070.xml
1179,K,32.1,atm,"H2:0.002, CO:0.008, O2:0.01, Ar:0.98",0.5,890.0,us,d/dt max,OHEX;,,,x10001070.xml
1991,K,1.47,atm,"H2:0.001, CO:0.009, O2:0.01, Ar:0.98",0.4999999999999999,77.0,us,d/dt max,OHEX;,,,x10001071.xml
1787,K,1.5,atm,"H2:0.001, CO:0.009, O2:0.01, Ar:0.98",0.4999999999999999,103.0,us,d/dt max,OHEX;,,,x10001071.xml
1730,K,1.41,atm,"H2:0.001, CO:0.009, O2:0.01, Ar:0.98",0.4999999999999999,149.0,us,d/dt max,OHEX;,,,x10001071.xml
1657,K,1.57,atm,"H2:0.001, CO:0.009, O2:0.01, Ar:0.98",0.4999999999999999,150.0,us,d/dt max,OHEX;,,,x10001071.xml
1526,K,1.56,atm,"H2:0.001, CO:0.009, O2:0.01, Ar:0.98",0.4999999999999999,226.0,us,d/dt max,OHEX;,,,x10001071.xml
1434,K,1.59,atm,"H2:0.001, CO:0.009, O2:0.01, Ar:0.98",0.4999999999999999,297.0,us,d/dt max,OHEX;,,,x10001071.xml
1391,K,1.7,atm,"H2:0.001, CO:0.009, O2:0.01, Ar:0.98",0.4999999999999999,336.0,us,d/dt max,OHEX;,,,x10001071.xml
1313,K,1.53,atm,"H2:0.001, CO:0.009, O2:0.01, Ar:0.98",0.4999999999999999,522.0,us,d/dt max,OHEX;,,,x10001071.xml
1220,K,1.63,atm,"H2:0.001, CO:0.009, O2:0.01, Ar:0.98",0.4999999999999999,666.0,us,d/dt max,OHEX;,,,x10001071.xml
1201,K,1.8,atm,"H2:0.001, CO:0.009, O2:0.01, Ar:0.98",0.4999999999999999,731.0,us,d/dt max,OHEX;,,,x10001071.xml
1154,K,1.76,atm,"H2:0.001, CO:0.009, O2:0.01, Ar:0.98",0.4999999999999999,835.0,us,d/dt max,OHEX;,,,x10001071.xml
1126,K,1.97,atm,"H2:0.001, CO:0.009, O2:0.01, Ar:0.98",0.4999999999999999,893.0,us,d/dt max,OHEX;,,,x10001071.xml
1109,K,1.96,atm,"H2:0.001, CO:0.009, O2:0.01, Ar:0.98",0.4999999999999999,1110.0,us,d/dt max,OHEX;,,,x10001071.xml
1082,K,1.77,atm,"H2:0.001, CO:0.009, O2:0.01, Ar:0.98",0.4999999999999999,1265.0,us,d/dt max,OHEX;,,,x10001071.xml
1026,K,1.69,atm,"H2:0.001, CO:0.009, O2:0.01, Ar:0.98",0.4999999999999999,1713.0,us,d/dt max,OHEX;,,,x10001071.xml
1388,K,11.0,atm,"H2:0.001, CO:0.009, O2:0.01, Ar:0.98",0.4999999999999999,82.0,us,d/dt max,OHEX;,,,x10001072.xml
1381,K,11.5,atm,"H2:0.001, CO:0.009, O2:0.01, Ar:0.98",0.4999999999999999,87.0,us,d/dt max,OHEX;,,,x10001072.xml
1306,K,11.7,atm,"H2:0.001, CO:0.009, O2:0.01, Ar:0.98",0.4999999999999999,120.0,us,d/dt max,OHEX;,,,x10001072.xml
1270,K,11.9,atm,"H2:0.001, CO:0.009, O2:0.01, Ar:0.98",0.4999999999999999,143.0,us,d/dt max,OHEX;,,,x10001072.xml
1229,K,12.0,atm,"H2:0.001, CO:0.009, O2:0.01, Ar:0.98",0.4999999999999999,191.0,us,d/dt max,OHEX;,,,x10001072.xml
1181,K,12.0,atm,"H2:0.001, CO:0.009, O2:0.01, Ar:0.98",0.4999999999999999,372.0,us,d/dt max,OHEX;,,,x10001072.xml
1145,K,12.1,atm,"H2:0.001, CO:0.009, O2:0.01, Ar:0.98",0.4999999999999999,576.0,us,d/dt max,OHEX;,,,x10001072.xml
1136,K,12.4,atm,"H2:0.001, CO:0.009, O2:0.01, Ar:0.98",0.4999999999999999,627.0,us,d/dt max,OHEX;,,,x10001072.xml
1116,K,13.0,atm,"H2:0.001, CO:0.009, O2:0.01, Ar:0.98",0.4999999999999999,1439.0,us,d/dt max,OHEX;,,,x10001072.xml
1329,K,30.3,atm,"H2:0.001, CO:0.009, O2:0.01, Ar:0.98",0.4999999999999999,77.0,us,d/dt max,OHEX;,,,x10001073.xml
1301,K,30.2,atm,"H2:0.001, CO:0.009, O2:0.01, Ar:0.98",0.4999999999999999,99.0,us,d/dt max,OHEX;,,,x10001073.xml
1258,K,30.9,atm,"H2:0.001, CO:0.009, O2:0.01, Ar:0.98",0.4999999999999999,180.0,us,d/dt max,OHEX;,,,x10001073.xml
1227,K,31.8,atm,"H2:0.001, CO:0.009, O2:0.01, Ar:0.98",0.4999999999999999,362.0,us,d/dt max,OHEX;,,,x10001073.xml
1191,K,31.9,atm,"H2:0.001, CO:0.009, O2:0.01, Ar:0.98",0.4999999999999999,989.0,us,d/dt max,OHEX;,,,x10001073.xml
1161,K,32.3,atm,"H2:0.001, CO:0.009, O2:0.01, Ar:0.98",0.4999999999999999,1498.0,us,d/dt max,OHEX;,,,x10001073.xml
902,K,1.82,atm,"H2:0.028, CO:0.012, O2:0.02, Ar:0.94",1.0,6296.0,us,d/dt max,OHEX;,,,x10001074.xml
911,K,1.7,atm,"H2:0.028, CO:0.012, O2:0.02, Ar:0.94",1.0,3966.0,us,d/dt max,OHEX;,,,x10001074.xml
933,K,1.86,atm,"H2:0.028, CO:0.012, O2:0.02, Ar:0.94",1.0,2312.0,us,d/dt max,OHEX;,,,x10001074.xml
945,K,1.87,atm,"H2:0.028, CO:0.012, O2:0.02, Ar:0.94",1.0,2097.0,us,d/dt max,OHEX;,,,x10001074.xml
964,K,1.88,atm,"H2:0.028, CO:0.012, O2:0.02, Ar:0.94",1.0,1227.0,us,d/dt max,OHEX;,,,x10001074.xml
979,K,1.74,atm,"H2:0.028, CO:0.012, O2:0.02, Ar:0.94",1.0,1007.0,us,d/dt max,OHEX;,,,x10001074.xml
985,K,1.86,atm,"H2:0.028, CO:0.012, O2:0.02, Ar:0.94",1.0,835.0,us,d/dt max,OHEX;,,,x10001074.xml
1025,K,1.7,atm,"H2:0.028, CO:0.012, O2:0.02, Ar:0.94",1.0,491.0,us,d/dt max,OHEX;,,,x10001074.xml
1035,K,1.75,atm,"H2:0.028, CO:0.012, O2:0.02, Ar:0.94",1.0,496.0,us,d/dt max,OHEX;,,,x10001074.xml
1050,K,1.74,atm,"H2:0.028, CO:0.012, O2:0.02, Ar:0.94",1.0,428.0,us,d/dt max,OHEX;,,,x10001074.xml
1108,K,1.83,atm,"H2:0.028, CO:0.012, O2:0.02, Ar:0.94",1.0,314.0,us,d/dt max,OHEX;,,,x10001074.xml
1109,K,1.82,atm,"H2:0.028, CO:0.012, O2:0.02, Ar:0.94",1.0,281.0,us,d/dt max,OHEX;,,,x10001074.xml
1141,K,1.73,atm,"H2:0.028, CO:0.012, O2:0.02, Ar:0.94",1.0,246.0,us,d/dt max,OHEX;,,,x10001074.xml
1161,K,1.5,atm,"H2:0.028, CO:0.012, O2:0.02, Ar:0.94",1.0,213.0,us,d/dt max,OHEX;,,,x10001074.xml
1005,K,9.54,atm,"H2:0.028, CO:0.012, O2:0.02, Ar:0.94",1.0,3804.0,us,d/dt max,OHEX;,,,x10001075.xml
1021,K,9.98,atm,"H2:0.028, CO:0.012, O2:0.02, Ar:0.94",1.0,2574.0,us,d/dt max,OHEX;,,,x10001075.xml
1046,K,9.63,atm,"H2:0.028, CO:0.012, O2:0.02, Ar:0.94",1.0,1434.0,us,d/dt max,OHEX;,,,x10001075.xml
1062,K,9.24,atm,"H2:0.028, CO:0.012, O2:0.02, Ar:0.94",1.0,1023.0,us,d/dt max,OHEX;,,,x10001075.xml
1089,K,9.32,atm,"H2:0.028, CO:0.012, O2:0.02, Ar:0.94",1.0,495.0,us,d/dt max,OHEX;,,,x10001075.xml
1102,K,9.64,atm,"H2:0.028, CO:0.012, O2:0.02, Ar:0.94",1.0,248.0,us,d/dt max,OHEX;,,,x10001075.xml
1117,K,9.31,atm,"H2:0.028, CO:0.012, O2:0.02, Ar:0.94",1.0,170.0,us,d/dt max,OHEX;,,,x10001075.xml
1165,K,9.59,atm,"H2:0.028, CO:0.012, O2:0.02, Ar:0.94",1.0,87.0,us,d/dt max,OHEX;,,,x10001075.xml
1174,K,9.45,atm,"H2:0.028, CO:0.012, O2:0.02, Ar:0.94",1.0,74.0,us,d/dt max,OHEX;,,,x10001075.xml
1179,K,9.1,atm,"H2:0.028, CO:0.012, O2:0.02, Ar:0.94",1.0,69.0,us,d/dt max,OHEX;,,,x10001075.xml
1264,K,9.13,atm,"H2:0.028, CO:0.012, O2:0.02, Ar:0.94",1.0,33.0,us,d/dt max,OHEX;,,,x10001075.xml
1024,K,17.24,atm,"H2:0.028, CO:0.012, O2:0.02, Ar:0.94",1.0,4697.0,us,d/dt max,OHEX;,,,x10001076.xml
1035,K,20.36,atm,"H2:0.028, CO:0.012, O2:0.02, Ar:0.94",1.0,3079.0,us,d/dt max,OHEX;,,,x10001076.xml
1039,K,19.96,atm,"H2:0.028, CO:0.012, O2:0.02, Ar:0.94",1.0,2126.0,us,d/dt max,OHEX;,,,x10001076.xml
1097,K,20.3,atm,"H2:0.028, CO:0.012, O2:0.02, Ar:0.94",1.0,980.0,us,d/dt max,OHEX;,,,x10001076.xml
1127,K,20.15,atm,"H2:0.028, CO:0.012, O2:0.02, Ar:0.94",1.0,568.0,us,d/dt max,OHEX;,,,x10001076.xml
1141,K,20.02,atm,"H2:0.028, CO:0.012, O2:0.02, Ar:0.94",1.0,366.0,us,d/dt max,OHEX;,,,x10001076.xml
1153,K,20.21,atm,"H2:0.028, CO:0.012, O2:0.02, Ar:0.94",1.0,242.0,us,d/dt max,OHEX;,,,x10001076.xml
1156,K,19.59,atm,"H2:0.028, CO:0.012, O2:0.02, Ar:0.94",1.0,198.0,us,d/dt max,OHEX;,,,x10001076.xml
1183,K,19.49,atm,"H2:0.028, CO:0.012, O2:0.02, Ar:0.94",1.0,97.0,us,d/dt max,OHEX;,,,x10001076.xml
896,K,1.95,atm,"H2:0.0132, CO:0.0268, O2:0.02, Ar:0.94",1.0,4742.0,us,d/dt max,OHEX;,,,x10001077.xml
903,K,1.92,atm,"H2:0.0132, CO:0.0268, O2:0.02, Ar:0.94",1.0,4060.0,us,d/dt max,OHEX;,,,x10001077.xml
908,K,1.95,atm,"H2:0.0132, CO:0.0268, O2:0.02, Ar:0.94",1.0,3133.0,us,d/dt max,OHEX;,,,x10001077.xml
923,K,1.75,atm,"H2:0.0132, CO:0.0268, O2:0.02, Ar:0.94",1.0,2521.0,us,d/dt max,OHEX;,,,x10001077.xml
954,K,1.84,atm,"H2:0.0132, CO:0.0268, O2:0.02, Ar:0.94",1.0,1422.0,us,d/dt max,OHEX;,,,x10001077.xml
1011,K,1.73,atm,"H2:0.0132, CO:0.0268, O2:0.02, Ar:0.94",1.0,678.0,us,d/dt max,OHEX;,,,x10001077.xml
1026,K,1.89,atm,"H2:0.0132, CO:0.0268, O2:0.02, Ar:0.94",1.0,682.0,us,d/dt max,OHEX;,,,x10001077.xml
1061,K,1.87,atm,"H2:0.0132, CO:0.0268, O2:0.02, Ar:0.94",1.0,437.0,us,d/dt max,OHEX;,,,x10001077.xml
1101,K,1.93,atm,"H2:0.0132, CO:0.0268, O2:0.02, Ar:0.94",1.0,383.0,us,d/dt max,OHEX;,,,x10001077.xml
1151,K,1.82,atm,"H2:0.0132, CO:0.0268, O2:0.02, Ar:0.94",1.0,300.0,us,d/dt max,OHEX;,,,x10001077.xml
1201,K,1.91,atm,"H2:0.0132, CO:0.0268, O2:0.02, Ar:0.94",1.0,219.0,us,d/dt max,OHEX;,,,x10001077.xml
1012,K,8.54,atm,"H2:0.0132, CO:0.0268, O2:0.02, Ar:0.94",1.0,3090.0,us,d/dt max,OHEX;,,,x10001078.xml
1012,K,9.69,atm,"H2:0.0132, CO:0.0268, O2:0.02, Ar:0.94",1.0,3386.0,us,d/dt max,OHEX;,,,x10001078.xml
1028,K,9.61,atm,"H2:0.0132, CO:0.0268, O2:0.02, Ar:0.94",1.0,1979.0,us,d/dt max,OHEX;,,,x10001078.xml
1048,K,9.84,atm,"H2:0.0132, CO:0.0268, O2:0.02, Ar:0.94",1.0,1282.0,us,d/dt max,OHEX;,,,x10001078.xml
1055,K,9.93,atm,"H2:0.0132, CO:0.0268, O2:0.02, Ar:0.94",1.0,1083.0,us,d/dt max,OHEX;,,,x10001078.xml
1087,K,10.01,atm,"H2:0.0132, CO:0.0268, O2:0.02, Ar:0.94",1.0,471.0,us,d/dt max,OHEX;,,,x10001078.xml
1100,K,9.57,atm,"H2:0.0132, CO:0.0268, O2:0.02, Ar:0.94",1.0,365.0,us,d/dt max,OHEX;,,,x10001078.xml
1114,K,9.95,atm,"H2:0.0132, CO:0.0268, O2:0.02, Ar:0.94",1.0,240.0,us,d/dt max,OHEX;,,,x10001078.xml
1154,K,10.21,atm,"H2:0.0132, CO:0.0268, O2:0.02, Ar:0.94",1.0,125.0,us,d/dt max,OHEX;,,,x10001078.xml
1167,K,10.09,atm,"H2:0.0132, CO:0.0268, O2:0.02, Ar:0.94",1.0,96.0,us,d/dt max,OHEX;,,,x10001078.xml
1203,K,9.94,atm,"H2:0.0132, CO:0.0268, O2:0.02, Ar:0.94",1.0,67.0,us,d/dt max,OHEX;,,,x10001078.xml
1049,K,19.86,atm,"H2:0.0132, CO:0.0268, O2:0.02, Ar:0.94",1.0,3370.0,us,d/dt max,OHEX;,,,x10001079.xml
1065,K,19.24,atm,"H2:0.0132, CO:0.0268, O2:0.02, Ar:0.94",1.0,2466.0,us,d/dt max,OHEX;,,,x10001079.xml
1102,K,19.76,atm,"H2:0.0132, CO:0.0268, O2:0.02, Ar:0.94",1.0,1350.0,us,d/dt max,OHEX;,,,x10001079.xml
1134,K,19.8,atm,"H2:0.0132, CO:0.0268, O2:0.02, Ar:0.94",1.0,441.0,us,d/dt max,OHEX;,,,x10001079.xml
1190,K,20.49,atm,"H2:0.0132, CO:0.0268, O2:0.02, Ar:0.94",1.0,96.0,us,d/dt max,OHEX;,,,x10001079.xml
1234,K,20.19,atm,"H2:0.0132, CO:0.0268, O2:0.02, Ar:0.94",1.0,43.0,us,d/dt max,OHEX;,,,x10001079.xml
916,K,1.88,atm,"H2:0.01556, CO:0.01556, O2:0.01556, CO2:0.01333, Ar:0.94",1.0,3123.0,us,d/dt max,OHEX;,,,x10001080.xml
920,K,1.88,atm,"H2:0.01556, CO:0.01556, O2:0.01556, CO2:0.01333, Ar:0.94",1.0,3166.0,us,d/dt max,OHEX;,,,x10001080.xml
959,K,1.89,atm,"H2:0.01556, CO:0.01556, O2:0.01556, CO2:0.01333, Ar:0.94",1.0,1652.0,us,d/dt max,OHEX;,,,x10001080.xml
968,K,1.81,atm,"H2:0.01556, CO:0.01556, O2:0.01556, CO2:0.01333, Ar:0.94",1.0,1205.0,us,d/dt max,OHEX;,,,x10001080.xml
968,K,1.96,atm,"H2:0.01556, CO:0.01556, O2:0.01556, CO2:0.01333, Ar:0.94",1.0,1390.0,us,d/dt max,OHEX;,,,x10001080.xml
1005,K,1.91,atm,"H2:0.01556, CO:0.01556, O2:0.01556, CO2:0.01333, Ar:0.94",1.0,874.0,us,d/dt max,OHEX;,,,x10001080.xml
1037,K,1.91,atm,"H2:0.01556, CO:0.01556, O2:0.01556, CO2:0.01333, Ar:0.94",1.0,679.0,us,d/dt max,OHEX;,,,x10001080.xml
1064,K,1.79,atm,"H2:0.01556, CO:0.01556, O2:0.01556, CO2:0.01333, Ar:0.94",1.0,523.0,us,d/dt max,OHEX;,,,x10001080.xml
1100,K,1.97,atm,"H2:0.01556, CO:0.01556, O2:0.01556, CO2:0.01333, Ar:0.94",1.0,390.0,us,d/dt max,OHEX;,,,x10001080.xml
1118,K,1.82,atm,"H2:0.01556, CO:0.01556, O2:0.01556, CO2:0.01333, Ar:0.94",1.0,376.0,us,d/dt max,OHEX;,,,x10001080.xml
1200,K,1.81,atm,"H2:0.01556, CO:0.01556, O2:0.01556, CO2:0.01333, Ar:0.94",1.0,253.0,us,d/dt max,OHEX;,,,x10001080.xml
1016,K,10.09,atm,"H2:0.01556, CO:0.01556, O2:0.01556, CO2:0.01333, Ar:0.94",1.0,3530.0,us,d/dt max,OHEX;,,,x10001081.xml
1027,K,10.22,atm,"H2:0.01556, CO:0.01556, O2:0.01556, CO2:0.01333, Ar:0.94",1.0,3022.0,us,d/dt max,OHEX;,,,x10001081.xml
1036,K,8.17,atm,"H2:0.01556, CO:0.01556, O2:0.01556, CO2:0.01333, Ar:0.94",1.0,2212.0,us,d/dt max,OHEX;,,,x10001081.xml
1056,K,9.75,atm,"H2:0.01556, CO:0.01556, O2:0.01556, CO2:0.01333, Ar:0.94",1.0,1777.0,us,d/dt max,OHEX;,,,x10001081.xml
1082,K,10.02,atm,"H2:0.01556, CO:0.01556, O2:0.01556, CO2:0.01333, Ar:0.94",1.0,868.0,us,d/dt max,OHEX;,,,x10001081.xml
1102,K,9.63,atm,"H2:0.01556, CO:0.01556, O2:0.01556, CO2:0.01333, Ar:0.94",1.0,500.0,us,d/dt max,OHEX;,,,x10001081.xml
1121,K,9.65,atm,"H2:0.01556, CO:0.01556, O2:0.01556, CO2:0.01333, Ar:0.94",1.0,258.0,us,d/dt max,OHEX;,,,x10001081.xml
1165,K,9.79,atm,"H2:0.01556, CO:0.01556, O2:0.01556, CO2:0.01333, Ar:0.94",1.0,111.0,us,d/dt max,OHEX;,,,x10001081.xml
1206,K,9.72,atm,"H2:0.01556, CO:0.01556, O2:0.01556, CO2:0.01333, Ar:0.94",1.0,72.0,us,d/dt max,OHEX;,,,x10001081.xml
1258,K,9.76,atm,"H2:0.01556, CO:0.01556, O2:0.01556, CO2:0.01333, Ar:0.94",1.0,51.0,us,d/dt max,OHEX;,,,x10001081.xml
1051,K,19.26,atm,"H2:0.01556, CO:0.01556, O2:0.01556, CO2:0.01333, Ar:0.94",1.0,3141.0,us,d/dt max,OHEX;,,,x10001082.xml
1068,K,20.28,atm,"H2:0.01556, CO:0.01556, O2:0.01556, CO2:0.01333, Ar:0.94",1.0,2645.0,us,d/dt max,OHEX;,,,x10001082.xml
1104,K,20.22,atm,"H2:0.01556, CO:0.01556, O2:0.01556, CO2:0.01333, Ar:0.94",1.0,1115.0,us,d/dt max,OHEX;,,,x10001082.xml
1108,K,19.49,atm,"H2:0.01556, CO:0.01556, O2:0.01556, CO2:0.01333, Ar:0.94",1.0,996.0,us,d/dt max,OHEX;,,,x10001082.xml
1127,K,19.66,atm,"H2:0.01556, CO:0.01556, O2:0.01556, CO2:0.01333, Ar:0.94",1.0,641.0,us,d/dt max,OHEX;,,,x10001082.xml
1151,K,20.01,atm,"H2:0.01556, CO:0.01556, O2:0.01556, CO2:0.01333, Ar:0.94",1.0,256.0,us,d/dt max,OHEX;,,,x10001082.xml
1186,K,19.84,atm,"H2:0.01556, CO:0.01556, O2:0.01556, CO2:0.01333, Ar:0.94",1.0,120.0,us,d/dt max,OHEX;,,,x10001082.xml
1189,K,20.48,atm,"H2:0.01556, CO:0.01556, O2:0.01556, CO2:0.01333, Ar:0.94",1.0,130.0,us,d/dt max,OHEX;,,,x10001082.xml
1239,K,20.19,atm,"H2:0.01556, CO:0.01556, O2:0.01556, CO2:0.01333, Ar:0.94",1.0,47.0,us,d/dt max,OHEX;,,,x10001082.xml
925,K,1.84,atm,"H2:0.00545, CO:0.01537, O2:0.01041, N2:0.02876, Ar:0.94",0.9999999999999998,3577.0,us,d/dt max,OHEX;,,,x10001083.xml
928,K,1.86,atm,"H2:0.00545, CO:0.01537, O2:0.01041, N2:0.02876, Ar:0.94",0.9999999999999998,3489.0,us,d/dt max,OHEX;,,,x10001083.xml
956,K,1.98,atm,"H2:0.00545, CO:0.01537, O2:0.01041, N2:0.02876, Ar:0.94",0.9999999999999998,2594.0,us,d/dt max,OHEX;,,,x10001083.xml
958,K,1.79,atm,"H2:0.00545, CO:0.01537, O2:0.01041, N2:0.02876, Ar:0.94",0.9999999999999998,2589.0,us,d/dt max,OHEX;,,,x10001083.xml
961,K,1.81,atm,"H2:0.00545, CO:0.01537, O2:0.01041, N2:0.02876, Ar:0.94",0.9999999999999998,2453.0,us,d/dt max,OHEX;,,,x10001083.xml
997,K,1.78,atm,"H2:0.00545, CO:0.01537, O2:0.01041, N2:0.02876, Ar:0.94",0.9999999999999998,1575.0,us,d/dt max,OHEX;,,,x10001083.xml
1041,K,1.79,atm,"H2:0.00545, CO:0.01537, O2:0.01041, N2:0.02876, Ar:0.94",0.9999999999999998,1069.0,us,d/dt max,OHEX;,,,x10001083.xml
1042,K,1.91,atm,"H2:0.00545, CO:0.01537, O2:0.01041, N2:0.02876, Ar:0.94",0.9999999999999998,1111.0,us,d/dt max,OHEX;,,,x10001083.xml
1089,K,1.98,atm,"H2:0.00545, CO:0.01537, O2:0.01041, N2:0.02876, Ar:0.94",0.9999999999999998,725.0,us,d/dt max,OHEX;,,,x10001083.xml
1117,K,1.98,atm,"H2:0.00545, CO:0.01537, O2:0.01041, N2:0.02876, Ar:0.94",0.9999999999999998,612.0,us,d/dt max,OHEX;,,,x10001083.xml
1141,K,1.97,atm,"H2:0.00545, CO:0.01537, O2:0.01041, N2:0.02876, Ar:0.94",0.9999999999999998,531.0,us,d/dt max,OHEX;,,,x10001083.xml
1150,K,1.84,atm,"H2:0.00545, CO:0.01537, O2:0.01041, N2:0.02876, Ar:0.94",0.9999999999999998,498.0,us,d/dt max,OHEX;,,,x10001083.xml
1023,K,9.88,atm,"H2:0.00545, CO:0.01537, O2:0.01041, N2:0.02876, Ar:0.94",0.9999999999999998,3156.0,us,d/dt max,OHEX;,,,x10001084.xml
1049,K,10.25,atm,"H2:0.00545, CO:0.01537, O2:0.01041, N2:0.02876, Ar:0.94",0.9999999999999998,1891.0,us,d/dt max,OHEX;,,,x10001084.xml
1078,K,10.0,atm,"H2:0.00545, CO:0.01537, O2:0.01041, N2:0.02876, Ar:0.94",0.9999999999999998,788.0,us,d/dt max,OHEX;,,,x10001084.xml
1096,K,9.8,atm,"H2:0.00545, CO:0.01537, O2:0.01041, N2:0.02876, Ar:0.94",0.9999999999999998,583.0,us,d/dt max,OHEX;,,,x10001084.xml
1128,K,9.72,atm,"H2:0.00545, CO:0.01537, O2:0.01041, N2:0.02876, Ar:0.94",0.9999999999999998,327.0,us,d/dt max,OHEX;,,,x10001084.xml
1158,K,9.95,atm,"H2:0.00545, CO:0.01537, O2:0.01041, N2:0.02876, Ar:0.94",0.9999999999999998,217.0,us,d/dt max,OHEX;,,,x10001084.xml
1162,K,9.55,atm,"H2:0.00545, CO:0.01537, O2:0.01041, N2:0.02876, Ar:0.94",0.9999999999999998,219.0,us,d/dt max,OHEX;,,,x10001084.xml
1172,K,9.65,atm,"H2:0.00545, CO:0.01537, O2:0.01041, N2:0.02876, Ar:0.94",0.9999999999999998,185.0,us,d/dt max,OHEX;,,,x10001084.xml
1220,K,10.25,atm,"H2:0.00545, CO:0.01537, O2:0.01041, N2:0.02876, Ar:0.94",0.9999999999999998,120.0,us,d/dt max,OHEX;,,,x10001084.xml
1257,K,9.76,atm,"H2:0.00545, CO:0.01537, O2:0.01041, N2:0.02876, Ar:0.94",0.9999999999999998,93.0,us,d/dt max,OHEX;,,,x10001084.xml
1308,K,9.75,atm,"H2:0.00545, CO:0.01537, O2:0.01041, N2:0.02876, Ar:0.94",0.9999999999999998,70.0,us,d/dt max,OHEX;,,,x10001084.xml
1088,K,19.95,atm,"H2:0.00545, CO:0.01537, O2:0.01041, N2:0.02876, Ar:0.94",0.9999999999999998,2350.0,us,d/dt max,OHEX;,,,x10001085.xml
1117,K,20.22,atm,"H2:0.00545, CO:0.01537, O2:0.01041, N2:0.02876, Ar:0.94",0.9999999999999998,1368.0,us,d/dt max,OHEX;,,,x10001085.xml
1139,K,19.87,atm,"H2:0.00545, CO:0.01537, O2:0.01041, N2:0.02876, Ar:0.94",0.9999999999999998,766.0,us,d/dt max,OHEX;,,,x10001085.xml
1184,K,20.53,atm,"H2:0.00545, CO:0.01537, O2:0.01041, N2:0.02876, Ar:0.94",0.9999999999999998,279.0,us,d/dt max,OHEX;,,,x10001085.xml
1208,K,19.97,atm,"H2:0.00545, CO:0.01537, O2:0.01041, N2:0.02876, Ar:0.94",0.9999999999999998,156.0,us,d/dt max,OHEX;,,,x10001085.xml
1222,K,19.61,atm,"H2:0.00545, CO:0.01537, O2:0.01041, N2:0.02876, Ar:0.94",0.9999999999999998,112.0,us,d/dt max,OHEX;,,,x10001085.xml
1244,K,19.42,atm,"H2:0.00545, CO:0.01537, O2:0.01041, N2:0.02876, Ar:0.94",0.9999999999999998,77.0,us,d/dt max,OHEX;,,,x10001085.xml
