m_1,m_2,m_3,m_4,m_5,m_6,m_7,m_8,m_9,log_idt
1.0230802573551292,0.6925801584257677,1.7147380698358143,2.33425034827821,0.33271793310486275,2.0812301585363464,2.4316676627869356,1.7458271061437554,3.1594645986239827,-3.267414835467507
2.133953612534045,1.7215415519951482,2.054532373048522,1.598894415732576,1.1044768628545318,1.575490021529682,0.5838282399194638,3.0567995449943317,1.1959303526854086,-2.321272824770711
0.44474764874108913,3.1318017033910053,2.035843552952601,1.2095883636650104,1.5707068966796958,0.34043538987930233,0.4318621314214594,2.627541566886205,1.8200204059861063,-2.351223525388865
1.5479229978690057,1.5000439913180592,1.290873731281468,1.8009135983109883,0.8397320249534967,1.0573024272952143,0.8436076697423661,1.196555064285182,1.7544735533347844,-2.3723354867035122
2.0984338939805776,2.6078139482864446,1.904178559908357,0.695030154311479,2.555651738622518,3.141309924177481,1.3174682284591146,0.42904252900233003,2.5253277971201653,-2.306744693707576
1.9562856945930642,2.802488766506639,2.8404300174889574,2.032061281693463,0.6798262489132272,1.704524990406175,2.319576648925305,1.2160197252415372,0.5711871865819056,-2.330440143407759
1.6626749448372653,1.9257055855530187,1.9636828460031055,2.2056755814205395,2.634562079533419,1.1961373368705672,0.4892108853596535,2.8105440364578653,0.5237827563187527,-2.3084104361290136
1.473085630269008,1.555656684228879,1.8717266483056636,1.7816749983856641,1.0876442591245357,1.4946676857136807,2.8006178548501426,2.782238134868196,0.5856658072103476,-2.32204256559151
1.4190832779517748,2.884234077358019,1.554089940996527,0.4402722536809436,3.0343646914084483,1.7857416872512377,1.5416306861732512,0.5153852368565557,0.37351562376331693,-2.342291465769313
2.051009038672903,1.9056621959151763,0.8485331914199528,2.4877932790439594,1.3696269055557486,1.5945385166837889,0.8651598160713059,1.9811210830510246,1.2981580546500664,-2.402403654909107
2.6838343981472828,2.5401525275119723,2.0253619953278488,2.617448855429518,2.869465060970095,2.9317264518816004,0.49538121297342436,1.16714247512797,2.627797659687631,-2.3231186944644353
0.7136214592551677,1.9706942713448572,1.5297426160671006,1.1703335414312148,0.8951307848250296,2.221193600136527,2.5079166626273146,1.1111513875340437,1.9440142355375818,-2.387236147661998
2.6369807388743673,0.6423516437217645,1.9887514414515426,0.480217899013882,2.990118359328718,0.43077806492540593,0.9696730139025229,1.8970237140428867,2.8862403379525725,-3.8009976962336123
1.2563434977859411,2.100198350613471,1.5707087912941198,0.5145712504106422,2.8894986883384064,2.9803009560491387,1.1285825845721178,0.5340268789648857,0.8256117022458191,-2.315824687582755
0.36036162888668005,0.4394144831805643,1.1190792949998585,1.4829869564309304,1.4334889694117903,1.4392172551572016,1.035612769044556,2.6758286964409734,1.3212836408935413,-3.8351481621747676
1.6222561028760332,3.1545158465392817,2.0463224063291765,2.8560570421667255,0.9300013662406823,1.1904158176257291,1.3897151965756407,2.690931601709085,2.8911521234217745,-2.4069519487008435
1.2838642849112947,1.964367126776414,1.5418922064459257,1.5598287578557315,1.0545551142180263,1.20258664280677,1.0868121961815458,1.4571963879524794,1.336719495049061,-2.362725499043854
0.6188592615836649,2.9057256230946544,1.2976968875365666,1.911008529245688,0.603477791222482,1.2270222296821893,2.7515704978364464,2.319003326760441,3.1374346612158885,-2.3925767058939513
1.1993995466554406,0.4153123415317221,0.34576435786266774,2.5066316673007045,2.040307337451023,2.261984998200014,2.218607879035483,0.3709541671398562,2.1947257997004845,-2.3240091928142976
1.7862250003012725,0.4740351422083969,2.8788646195025933,2.6711330826272928,2.181807535953073,3.1008868827579965,0.6940225761703482,1.1840456916892999,2.3614113686027993,-6.724631173747162
0.9775698970870517,3.0190227713548707,2.266050313582876,0.6686370417337418,2.0363631420071293,0.7765622705916355,2.1086260640288383,1.358559770828321,1.3675795168208065,-2.3049652099342963
1.847425032610287,1.3991439369811818,0.7805223581040507,1.9452517834170642,2.50063341415134,1.3896314586235883,0.6719829390782168,0.7514207546003555,3.05316521751069,-2.3138141414293205
1.1377347767098756,2.705212488084009,1.0824771099664803,1.0371849924802976,1.1371174456445576,2.8190445819626486,1.3518477707182783,1.3966954293918867,2.2074942923346343,-2.4765987455770704
2.056972885110626,3.0347433441127887,0.34828888108968153,2.0441747914738317,2.198520271087793,1.498247251794494,0.6171033617345774,1.2373542813776122,2.6555579054242338,-2.3404558143997036
0.6583759951897024,0.520160381441925,1.3814389605307311,0.6932696440227368,1.4789033357909331,1.4768162901470805,2.7436532326896583,1.3545612425459537,0.39261086181121246,-3.2106786206356284
1.349332355987236,0.5564085935259029,1.8370632041827308,3.0885072706056644,1.3456043835635234,2.6757692784832976,2.4824782932865084,0.43943010799153737,2.277541482830643,-5.459340074409029
1.399285337668355,1.147136062912206,0.7003234913221891,2.612762204536477,3.0849425950440166,2.669845984727792,1.8314996720387513,1.7660462694387469,2.74110732747349,-2.3503728148532836
1.6314561148762838,0.4028268799412813,0.9501470585986663,2.7163631493586506,2.3157776696205468,3.0900479703303594,1.2791668947051653,2.8156779008357007,1.1774188849858989,-4.874639526472307
1.8272412228897197,1.6223810734845798,1.08459457798108,2.38856592915601,2.5699739641457358,1.551481886386043,0.5533521503061767,1.1871433435189553,1.921939562124288,-2.323761268173295
1.7764063082494939,0.9373298376816706,1.7882824020967478,2.0159342161707,1.2536587727720254,2.3887393044296803,0.7641819124684933,2.9073840117276006,0.4861828153563208,-2.876027429739686
2.4054331828890594,2.6091363315794296,2.1070717392264893,1.1431438161663974,2.0671368916393753,1.284977379523735,1.6713510609473758,2.788712451458802,2.6338560183569615,-2.3199400060731272
1.1916135717768075,1.0675046773615173,2.642182062258164,1.609498024452466,1.9123388855457037,1.6709898589142145,0.36056232063883703,2.552843865180858,2.604342040951075,-3.3992341119676457
2.5357242096350325,2.9951675645200546,2.278236039261598,0.3712808681030133,1.7103942450791834,2.134968421405746,1.9351639811999937,2.419006266033541,2.832778730735338,-2.3445267971729815
1.752703543642556,2.151219496511035,0.43435844640529075,1.0427885846020248,2.5240363589703523,2.5863240902396143,1.298385684351117,0.7736017395405042,2.7244475620935233,-2.4694801824097055
1.1037607757935894,0.7790173472984601,1.4279032717999849,0.34506071188554693,1.7245411463152813,2.3287404160930443,2.315230549086928,0.6684046750935446,3.1453987006464565,-2.3737529174883307
2.2501409507477836,0.3965225519486508,1.1302919922078623,2.753628200582501,0.6375845820082939,2.0965061538084107,1.450181133176742,1.446807320037735,2.0195486906039686,-4.956985155273905
2.6141588375106566,0.46500601943843645,2.1363270241739754,0.4743662026453196,1.957759196414093,1.0173861136261946,2.0281160772590257,1.577307678019326,2.2951410528391825,-3.7585613442614227
0.5611790635365415,1.0613042862473119,2.315765755648627,2.1234063328763777,0.9702285193137787,1.5357645628553973,1.9703602145710861,1.0485189153790955,0.6525816974644858,-2.850653354833176
2.4721769259723065,2.267942023223697,2.560634086107478,1.588400193104808,1.8675872921551004,0.8935502032694735,2.625638123674504,3.0422539956611074,0.4001606505034927,-2.307331752771747
2.073842596442519,1.4782034004538631,2.6508450545030087,2.803641701022077,1.7535793527226835,2.801860285341785,2.0876450232044967,2.7541940767173325,2.395030999855241,-3.029509074905807
0.575393885508608,0.7332145651425583,2.2394358411908235,0.5924955138323376,2.4136933590430654,2.1808547329221186,1.5124768953949683,1.8035118491844302,1.6578250336455789,-3.5271574804131305
2.701922861766925,1.7051594454374346,2.4751215489750518,2.22523518747494,3.1554313386716144,1.7137543890415068,2.031391145490741,0.5651511867346062,0.5570570154223002,-2.8950223426461164
0.5721672594972005,0.9284523478522224,1.3580401613290416,2.6649160610942793,2.4447149827571826,2.323952455476639,0.7102367860938572,1.592185007680245,1.8718353296614776,-3.0834192282777995
2.3866840296165286,0.790084943504396,2.0899637442950203,2.4358753602764254,0.5919918922073264,1.0394818921552147,2.7333188416713012,2.0458555991398013,1.663347381927069,-3.5307977372086734
2.4545839917940975,0.6312745894041185,2.8765013421123733,0.6121840426688653,0.8313573766107527,1.3466177874784175,0.39035639754485646,2.195709726039124,2.938798561052743,-2.680876914597547
2.522827585019506,0.5523117131297786,0.7555729006459063,0.8519450828654851,3.132148516183855,1.7694043321287776,2.674762223277637,0.6738518068882292,1.0558099549632114,-2.8050498503169528
1.7418699948109249,0.563095412111326,1.7417264655115705,0.5699378519736035,2.6237459848559324,0.7675527785948972,0.3540742821851013,1.5471191265198077,2.177202455236496,-3.812261463412911
1.8772433719183272,1.5672293203731469,1.5891160580196393,3.092834462770077,0.9322047539387319,1.141795116908595,2.80793900722628,1.7235708122170577,0.7712536525457853,-2.323567452160187
0.6721844603017663,1.2028191662474341,0.7760237554590594,2.3003052910318127,0.46735112077773744,1.6081697925074006,1.802037989106118,2.80664867501392,2.8648608004758613,-2.428544409733783
2.197810985984807,1.2132499247210462,1.7231920168719572,1.0936861204279178,1.799095102665223,2.500013420569395,1.0270542265161384,2.573211586315097,0.6990755950328711,-2.3032111493005045
0.682392525959129,1.8510327278951983,1.34410272712593,1.9038122193921803,2.122540542030991,1.4122175440003386,2.772865606645971,0.7271076134411483,2.74386463406379,-2.3119160948706514
1.8591848962049207,0.9846360828291925,2.564154169661106,3.0952333421937586,0.9438251940843765,2.091582796028932,2.1444260256681353,0.49318870002962245,2.7580228312831867,-3.898091482890722
1.9225754600615566,2.6209266715138977,1.469602302684878,0.39185428543625017,2.1471494730458662,1.2799407689720377,2.7853398127187594,0.8588773483643155,1.7986739143885133,-2.3447386027548904
0.7731566218139272,0.4311974130099464,0.8188422365140706,0.3288240996361939,2.631121877708012,2.4626685198958542,0.7063127978075245,1.1028395617663345,0.3275219779300511,-3.2817071298538023
2.170090348853763,1.1087338030940956,0.5796581356239168,2.985060421785907,0.48299275115278906,0.45202386977499837,0.7163971249881291,2.9287119080421964,0.5969642689685948,-2.3351171906110317
1.8856900510818562,2.0739177361483243,2.711481835440998,0.5550623581059624,1.5254240129741654,2.271439145243812,2.7063720350449536,0.963475449819599,2.229343326857412,-2.3175191452005204
1.4210640249245712,1.9917385875266054,1.4823356059847919,2.60851883920108,2.2664873482663217,0.5689507466034065,0.6818017160475558,0.9371224779961838,2.960829552555557,-2.3229915281318685
0.8789818354123693,0.6046069355707268,2.9380921955700536,2.8779793263383677,1.8564488080035235,0.36574317205638174,1.7326748833412375,0.823465034093797,2.9534042099278786,-6.5063797793963
2.538001571559581,1.198112341999706,2.215325497637898,2.167441938617437,1.8436581706406496,2.5897341780361156,1.4151219955771992,3.1460806841745894,2.571720075163084,-3.065710780113738
1.7791967835830906,1.779660066538528,2.4098731088533913,2.906239892962003,2.90070456269553,1.4479548065271894,2.0360730307835855,0.32634049227052486,3.0287227862417514,-2.7751185547984982
1.0745130617500696,0.6596573973755604,1.780483487417372,1.213361539010456,2.8556734364568377,2.240106887193779,1.9846038451991255,2.000587700925543,0.8068490928554887,-4.0760274067787385
0.9998795136071918,2.8731066408151347,0.36293939817626114,1.5751852017414625,2.5907319192116702,2.5682219588309034,1.5965766503418217,2.7184793371972105,3.088574546993067,-2.3181186855024745
2.5020177452088928,2.74490054628489,1.5598468278139368,1.3620514342517154,2.2677908406068776,1.5036321124972676,0.9305230031461855,0.8403511940095207,1.3888813595380984,-2.3222560074239307
2.3028554713630967,1.4626736775880658,0.6369197039915508,1.2656292084684633,0.37390783202840655,2.705981060041859,1.5613653943357322,1.1152821353288287,0.42091158558251024,-2.3544484185057715
0.5472660422477256,0.33192306562518226,0.4294743206432451,1.237783700587801,1.039144310926285,0.815947865879318,0.814448372809188,1.3286208662803136,0.9037740700490815,-2.303929179189091
1.412666754248653,0.7422467975313803,1.6988039383903069,0.5798959835827684,2.4173152437167658,2.114296490799567,2.873409111733579,0.9913558469778707,1.7919321294800374,-3.25426245493473
1.1736749694566984,1.4902349546925828,1.314709071491498,2.1161072834727825,0.9070488152234666,1.9841110033168594,2.4255244318058753,2.8899413150586204,2.617775725085489,-2.364774427266556
2.557121586568023,1.8646249766319503,2.1661010882303287,1.5253213691578866,2.253325126442329,2.14838392967298,1.039698135629055,1.426873891699709,0.4253569187832898,-2.309697963991082
1.1238941450399593,2.040130982373613,0.7909212782935822,2.384577301088506,1.1090331124717654,2.5088514737908,2.337355857434794,1.787463421781773,1.4763849733060401,-2.3053289259236522
2.331335099831753,2.2238840743819064,1.0997778668751703,1.0664386529194458,2.434917026846534,1.8331371659949223,0.44806491866597153,2.6583544131489782,2.5870399354108584,-2.310357026060697
0.9579181804193071,1.045784156176721,2.4670005252538942,0.7638532343264997,1.2971529211521846,1.6533444656504945,0.9882490579785657,2.695053236479842,2.2139349378397797,-2.4513662241281837
1.8696680583247924,1.2685125518947975,1.8744321058873568,0.7160938742538303,1.6328456139003893,1.759587016616582,0.4168973676656108,1.9854721013037058,1.447442209306227,-2.3034730409046804
2.5059477854239707,2.4838144500266743,0.5640393990988191,0.5461433525694321,1.700346250923352,1.8136995585243905,1.863637593421706,0.41193677664100914,0.614394712653125,-2.362214485708899
2.62916766478909,2.394843687098002,2.085479307492569,0.9175444355592792,0.551978389053974,1.3664679785540033,1.3415052716880085,1.8578002527037754,2.4568022099996063,-2.3152131161044056
0.531644291261893,1.0229106826072758,0.6869023879902074,0.8116190106824652,0.3941477501036621,1.5679108983728156,0.5416477446211967,2.5256929535627592,1.1946930416646633,-2.3797483390428797
0.6740743981797912,2.5095091805540974,1.071995795675372,2.728337660142744,2.7510582054844845,1.3545865452469428,1.055106550734065,1.641842028294048,0.934833274378551,-2.3202698137240887
2.0647889382735065,0.4491527842741335,2.333362102284892,0.7028470568789011,1.8853438756186198,2.867232335285237,2.784071129160585,1.7120379720705285,2.7645029018059093,-4.008191094624173
1.130546577844735,0.9502059463173569,2.57093378184271,0.8618068462061454,3.141082378696061,1.873060512964185,1.873206847643575,1.815610108670663,0.9161685962052206,-3.6942753865543936
2.1654598824568985,0.5982734830233898,2.1008058882174008,0.875957904301603,1.4056478474973308,1.193045287252353,0.3821275254021326,0.5451800591236029,1.2647958087510505,-3.4118480306301047
0.36430662749143206,1.2177963757424366,0.655545680157223,2.1319088362010845,3.1166480628131916,1.1527308725970047,0.9521145197327368,0.3266367230817593,0.38504131075363673,-2.3343555500591666
2.7500501075161554,1.4338800719924478,0.7646188225961243,0.724520414017149,0.948193121050356,0.6786580014148116,2.3651859807478455,1.0813843403483219,2.7026004417296954,-2.306059685061364
2.6234648977572546,3.0102987886270527,2.8508609335192263,1.3562433642349594,1.0812202279978238,1.8192534631757995,2.4362605649610276,0.8125674100882048,1.5910698763266204,-2.316586336929628
1.6426747027114814,1.3729414213154787,0.9592852821684543,2.557348599494732,2.402617254179099,0.36112822725173205,2.1768188695930375,2.1679540377594337,1.6137150306465857,-2.306067035940334
1.8099039614264376,1.9569198468363795,0.9442572032103522,1.86062249295308,2.343535250448979,2.1702882762298703,1.601258530526513,1.3136582957758245,2.0659797864965284,-2.3107201002521633
0.7466607391062723,0.6966666433557089,1.4272069947619288,0.9769899088520604,2.456591170360335,1.1457464362503649,1.8708296945331155,1.8193061182277892,1.2753397487233047,-3.4207964316700643
0.7351323434974892,0.6510601625703845,1.5280501803627116,2.7729532890780852,1.2344879275122513,3.10598963797188,0.48225845663567024,1.8603015343023948,1.5062296746492956,-3.997026683955721
0.3960753520796434,1.1321079846506386,1.0481591838066433,2.8054379164453693,1.6970097393765649,1.4541904528887764,2.2579540257125266,2.0981515149863714,2.2863690209032974,-2.306639572321811
1.058134723129304,3.1121090870972217,2.2296154822760768,2.5214781459600504,0.6923007444846297,0.40614641595229306,1.5564588271640223,0.3676031367282484,2.446381101520697,-2.3111767499582934
0.7091754059811983,0.665352900409895,2.009608735235614,1.080252313008952,2.7377472887850387,2.1377878374865085,0.5356296573985664,1.728771663000681,2.157284128691287,-4.05332043260756
0.9740619354895406,2.555495983909416,1.597739640894128,0.5295125461735148,1.8805272862106432,0.4723591048796474,2.040275526190598,0.5922557824975514,2.7516019943265744,-2.323391597221553
2.3775241473164916,2.899937886909868,1.7771251074741374,2.723551923116121,1.8944543689442412,3.08146639724629,2.1183805677398833,2.4942036056963888,0.3700843325000621,-2.3533402813297704
1.6899435592507208,1.6174625177809103,2.4916671211783123,2.4600346587803945,0.8843722361217501,2.7331625908403376,1.2717433124242528,2.1450285253610035,1.4334152450865951,-2.308098660849907
0.7607203245296055,0.8096078962092393,0.593038595338776,1.6949261600067518,0.5127232508458841,2.5245550862921853,1.1673857585453433,1.029908249005767,1.050292851753236,-2.3111180240267872
2.5261121739257786,2.3820772103354075,1.8496176356919576,1.2949520955178735,1.2644269484461397,1.3700545426439135,2.155304444683514,0.9691989434569752,1.5211995171891353,-2.3409100860075416
1.9050861426000587,1.3125595355134803,0.8665072587204301,2.0134891042963097,2.492075013431363,0.6713476375356551,0.7715215471222565,1.1010432246867763,1.8496656272034644,-2.3211542397600127
1.5093123432859934,0.5358825796604395,1.8422680061835994,0.4573228533779888,2.2156453313986093,0.9765302017027881,1.9488958627217419,2.1143404418384706,1.8622306526941261,-3.640021375060539
1.970112506752233,2.725040853574911,2.8212268440911235,2.3950696664602575,2.9856144403887153,3.1158663109759863,0.8499038359693207,1.2224401280894424,0.7949997370928077,-2.3046511927421265
1.312073775283344,2.8104364071004877,0.556787266481156,2.297519808161234,1.208952491205899,1.078353610451575,2.5960809650430012,2.723223900309567,2.8726506173112116,-2.385260176429658
1.5764262485439144,1.5870857298038386,2.1523320055111825,0.6593478052811501,2.112329072105239,0.9289459645546374,1.7160517845520105,2.663361603427164,1.5541489478422,-2.305145965056011
0.9818310588021244,1.9810864234542278,2.032367490074992,2.583961464539397,2.980406335946191,1.4708425558713487,2.8053811463364626,2.733009010898407,3.1162767427551734,-2.3029221850401758
0.92447125778677,1.1897952625957744,2.6440119262269963,2.4799355455352345,0.8080910178261372,1.456461190233693,1.8475516561793943,0.721987070520279,2.975173775602413,-2.8293982627124112
2.29203804162417,2.65164043388967,2.393664868591695,2.068782016837295,2.515173956939172,2.463719868282875,0.4280395821246257,0.5404008439516907,2.845148720380384,-2.3031972834123686
1.5468094448674419,2.317810493361436,2.1742197581828338,2.5274104559385884,2.8622021151103114,2.0596061541836383,1.3646507503606957,0.627732083065572,0.644111399624542,-2.3083737098842536
1.278057793962217,2.974103505759301,2.5024079626381583,2.425997294993646,2.278427089652297,2.716288620740877,2.206921999706638,1.0062168680197163,2.3710065315491695,-2.3197059819435153
1.4598682593532224,1.552526160304668,1.002622117937408,1.455727537435688,1.322845940312907,2.693694812376937,1.5845527911991042,1.2059781900903521,2.710426970848947,-2.3890325276220676
2.5814516969595966,0.7507773534072465,1.372457953373095,1.3263817270664946,2.152860077940919,1.2977563953689089,1.5019042564455973,2.6401598128843258,3.133059925258674,-3.205649435187171
2.398680453536447,1.93111782772441,2.572943059675697,1.1148177416567286,2.1288402384743703,2.414326289331085,2.344757225524211,2.6346071165487617,2.341726148365268,-2.3033057912620145
1.2097339690550726,1.8163880337480274,2.431761539014877,0.595744589579436,0.4406171990059153,2.344669744695551,0.5632655534129043,3.070795834103668,2.6385112502101955,-2.3238194677753343
1.5047261141617132,3.1508426353253607,1.1627622592576128,0.7285123172195482,1.5879128009220809,1.838734501384073,0.5253602418171445,1.605153801177609,2.6127896645003705,-2.348955500596364
0.6197335496370093,1.4124563868902953,1.6034634414512121,0.989014799618686,1.9356440344717387,1.4658337631996252,1.9037913281471557,1.6848202197531121,0.5648266021295424,-2.312878319101742
2.195724244786734,2.063811567662245,1.0140052810669298,2.6789270015169193,1.4170678745315823,1.8785863841787163,0.7250264300055402,0.9083472487936408,2.498185723179476,-2.4063486411022077
0.9161050583318289,1.9023207760017822,0.6103886496079174,2.74227952303787,1.9196115658217279,2.7677879181714724,0.3476931429698522,1.6473272671975914,2.234320293495152,-2.339300747192452
1.0659679618210902,2.417852667692419,2.3590498011724774,2.4968201873245555,2.7173374341673804,0.8610843606741463,0.9774308514633561,0.39074961525627394,0.6841896702881427,-2.3039713973803315
0.7318325175056306,0.6708591636715701,0.7352310081619104,1.80934810580393,0.5613340146431083,0.6577173921113826,1.50474446893211,1.159895121059218,1.4864964614231304,-2.326550601435766
2.007912705590054,2.8596981183725356,0.43861011034596764,2.5646632800919953,0.6364676677720077,1.5320937333260165,1.7047980519688297,2.102322623018243,2.1404414016023483,-2.3066747847810274
1.9515511228580293,2.7662603153737706,1.1546022833249983,2.195344935505467,0.9179661360022029,0.8329212352578146,2.590626231121484,0.8534928311275984,2.4874520986491198,-2.3799727816417073
1.188615897139462,0.32716694226855597,0.5048267067374824,2.8995688311837173,2.785119482772399,3.0002992130835024,2.475696180734438,0.48229056419034666,2.1191906945615426,-4.012399394812648
2.404138285200413,2.7212023896072908,1.1808660198556158,1.6326448667726534,0.6143835343545865,0.5593883073767396,1.0223559531991901,2.120780079783732,1.470196057748829,-2.4380166598455526
2.251175611594595,3.029110794985754,2.8601683976245758,1.382974422375092,2.337283765980514,0.43865796550092345,1.7437473733163187,1.480077147955454,1.4962046478968927,-2.307429918373853
0.5857232684441278,1.9185402688145663,1.3938155712868394,2.689945007251832,2.8372268788867987,0.9407186784403321,0.6680163501448071,1.7760518058405173,1.418861202630482,-2.3126885296124824
1.734884593137682,2.0034347362457434,1.0622531341618606,1.1043962689200366,1.5986653512967268,1.4296341678751656,1.0735974799513317,0.9295354496085737,1.0405347495666473,-2.363744505077499
1.816557751540042,2.228672282519571,0.9665781020142278,2.895783782854584,1.3602143750607072,2.3067745644505915,0.5172492195678184,2.1493301653647103,3.1039111401868595,-2.3250080211043134
2.1808875248618445,0.9098789574250576,2.218116366187929,0.44436083486502576,1.8731691746370476,1.9577206435475538,1.5210323836542778,0.92593152350097,0.6030529062053814,-2.777530734110819
0.9372224055333411,2.65744784660481,0.9157541767970437,2.2596741845749264,2.642665073555081,2.701292918326687,1.2129707278976978,1.3222440784973826,1.6253893987145538,-2.371707852572227
1.224433757519862,2.1077737952005458,2.1189213002380116,0.8177672871686488,0.9993978798178904,0.5950850734332539,2.704066231910813,3.125897330903346,3.0670342358029297,-2.3659863277736104
1.9290889125225792,2.576500822220301,0.7848583370641048,2.080742023023933,0.9531598868605815,0.9794047024319488,1.3235043660575991,1.2751677003068431,2.4404584152277438,-2.3223134626562194
1.8929736660818037,2.7784296557202413,0.9915399798533299,1.9361269068495466,1.7847467508336499,1.892240868343891,2.0558382781102975,1.9135086602020774,0.7336633557990186,-2.4423328432563864
2.0353555860862405,1.0120655953349835,0.9830386329814658,2.5785381757874,2.9514451375035438,0.6406944536179113,0.7327235795432514,1.3746607622235492,0.9304914068110675,-2.3046386245616355
2.660419502085665,0.8792453590553189,0.4211748863359502,2.850059745913637,0.7615512621494052,0.4424628792745282,1.232380664436951,2.804717447685051,1.5113662275207087,-2.335981355434636
2.268608728249745,2.3682953263754447,1.1333163066015222,2.8141658355506887,2.1095847875018956,0.5483997239917975,2.0105676316282537,2.7765103409047533,2.1475376227793923,-2.3889687081652577
2.381452982182165,1.137609381879124,1.8665812182025394,0.6656588677274767,1.8206792625798496,0.7352131590573507,2.143242348572899,2.6004252080035726,2.017283153949064,-2.3057163027592464
2.5729572211901544,0.5917585644422361,2.130676787613545,1.5481014316970547,1.4347662818784284,2.0370859944125486,0.7920249545646008,0.8387058421514224,0.6359289928543619,-4.050272577534224
2.2249354884521795,1.2522649770271592,2.059492365181976,1.9513005971983657,1.2684075305713465,1.2720026912678757,1.1052417579250389,0.7584238604312341,2.829602612822309,-2.3439700649047768
1.303371620152442,2.9498558999630413,1.462174926959793,2.9088637767105303,1.6454595477548741,0.3324769989433152,1.9519131038371833,1.6732749358514012,0.5005079160167039,-2.352478171666926
0.9063050667285439,1.1147236840816108,2.3371630717671525,2.750072568393409,0.42368399004390855,1.9796832034263272,2.8255804653905634,3.013673087083787,2.9104132965555256,-2.4675373115838504
0.46621997212010907,2.600455416732524,1.0768304292657649,2.943808836452185,3.023987667851923,1.6606966030077368,2.7240405429201138,2.496649906158403,2.822507817448365,-2.363159986967721
0.6055589396260165,1.075542036620112,2.2073155406445437,1.9259855060868334,2.862105365075261,2.244550700662126,2.1618697078383593,1.79893181856446,1.0825560021324183,-3.684140430788528
2.5608774048648977,2.342821376982679,0.3742459036191042,0.5506128486027494,2.745502548995509,0.7575192382080329,1.0933347889839742,2.069533488311943,1.0286723296832465,-2.4157402762848137
1.096252581891545,0.9251709007990292,0.528367186737904,3.0843474259374646,1.3101827169203588,2.405334414295807,2.3557685019997336,1.9171326642958773,1.4551846621917042,-2.3292105849624876
2.230895527607236,0.3610058545178871,1.043781149290742,2.0222471115479856,1.3559801842672625,1.0225383274711541,0.9399042749224491,2.633605044758847,0.3331883075859375,-4.665671571082387
2.652872812266079,0.7674190187036691,2.302838382355919,2.8263737077090134,1.9389480907826393,1.0825158999616966,0.45264716829829177,1.0718085282595418,0.450267714709405,-4.726108138505215
1.7076778703275894,1.1922190878761825,1.9792701118792606,3.0161217999092056,2.7547857749866913,2.7249541447229366,1.019597033233948,2.9754860804169856,0.7753202591469646,-3.5012175586292726
1.4786027968086195,2.7722299463318754,0.6764042865516212,0.4651738700617451,1.0588997628658698,2.57610507868621,2.439613205904907,0.5591343044897307,0.7061473306243986,-2.349192735955384
1.7557854772666692,2.1639826629378707,2.8466580615000074,2.0372956974011407,2.2254840313018653,1.633355615277698,1.8047833037196566,2.0893777971373955,1.2416506899979787,-2.3052863676619126
0.7895633145430245,0.9570427113190516,2.0759230883452906,1.5402517502370305,3.0018908094165004,2.9492746521908457,1.5468042399236295,0.6825950325283494,1.7112140950552417,-3.7330689625063895
2.3641607462084915,2.1440082353841228,1.255218574579051,2.996527947218376,2.353071784814965,0.803331997842309,2.512179043193894,2.5619924959548137,2.6526686976845277,-2.3097751871721757
1.7973855571067299,1.048759783428464,1.230551066375622,1.740751899749058,0.34286855705236763,0.3501014065355562,2.6006916404373155,0.5505524213794073,1.919967654647344,-2.3667808070455276
0.871463982942674,2.0683963659973212,2.621074555315693,2.9492095593833114,3.092310173130318,1.3137916633698759,0.9154210079040868,2.446595149843369,2.091144412986513,-2.6331447666906382
2.6695990535742866,1.5241740984579029,2.2882536509546036,3.021033679755682,0.7930168735486041,3.019968563064379,0.8074366924599254,0.5194429101213147,1.2919359521522251,-2.31567362002348
0.6454228343463837,1.2917265961113726,2.5358192676751976,2.320965711689643,2.544248208249181,1.9483033485291021,1.1317700034172398,0.6836814632188768,1.425889036270485,-3.4887834352132625
0.41400854391944103,0.36428954643676453,1.198568204707955,2.313518269100945,0.5437251578865023,0.8493326352035595,2.846665035540492,1.2732675323114315,0.7837024677399347,-5.666989120109035
0.707239577589224,2.401056887444387,0.5119764585782209,1.4305147597426922,2.707840487912974,1.7296596130743784,1.6954043058635333,2.2982159710657095,2.6026952707659943,-2.3822688419901348
0.7533201287524192,2.6746632645184114,0.46744980781819856,1.1676140706473848,0.6317238163906302,2.3496286927770456,2.7556579611676604,2.2665615088945037,2.9258584913949335,-2.343514506944233
0.4757974693448179,0.8717559242524038,0.7451779953261487,1.873547474593312,3.1239098809713854,0.3696150919150992,1.1354597227750882,0.4769209244695423,0.4177401203519088,-2.309581212767665
0.9128518746291132,0.4200619178711994,1.9109022320480349,2.882970524719674,2.7666519420971873,2.7956580597722516,0.9130569842183409,2.758988025846367,2.6925528757190746,-6.5495841464147295
2.392685820098148,1.1513800511779706,2.7039062163807515,3.0686537963597047,0.7182546869774438,2.9749697811954277,1.6670261346498085,2.130339277584834,0.6507224448829487,-3.283196146625806
1.2993884919699672,0.5022565064296186,1.4726059879819493,2.54028361996686,1.7166983304479502,2.489978271325113,1.1758312195228298,3.049212944880832,2.0476312562681533,-4.8706079437981025
2.116751410949008,2.3551126362475463,0.8124497635585688,1.0136536522902426,0.4985642716132725,1.742509972776866,0.43675599593629594,0.6662579323900998,0.6827808143103062,-2.3682867319395946
0.8217136782942672,1.3683534643687412,0.7241786227640457,3.071347897172813,1.1815814575715524,1.343048383372572,2.1349692927765913,0.4063138908431105,1.9906342985545462,-2.4495908085934044
1.974855318255652,1.9119121499759317,2.199555961967658,1.7785387551272878,1.9413195818566498,0.9905458972473162,1.109164260416968,2.3742339631497518,3.0071236907752277,-2.309810523867905
1.0513427116000433,0.45856348854955215,2.1625232800474716,2.1870131533491532,1.4527810410572715,2.4858862014271033,2.2878604451437563,1.8368692782922698,1.9098045539665771,-6.002612821896299
1.3425197441166061,0.3242461235812665,1.9575198380389125,0.48980476933270806,2.3309310711825826,3.053608344121795,2.6370208528337704,1.65375683906902,0.7550418799138632,-4.335107805421214
0.37519181479704766,3.128962056638802,2.808043772637351,0.3796562655944412,2.1366644809534363,1.7347629842645391,1.7209286707458171,2.015687944362312,1.676479462026245,-2.3253755300789876
1.9963470441533329,1.211100654269428,0.3944380109271694,0.7345807713009924,2.381537315020705,2.5179045472059207,2.308590749155244,2.4684616235682637,1.9950612746736767,-2.438647052977425
0.8580452722469303,1.3243263160001353,2.6245644441307876,2.7634063973457375,0.7887864872680952,2.9435136779617532,0.47680586756313215,0.8031371809280944,0.7274806772393881,-2.617900364756212
0.37886934181948484,0.37647657753949093,2.8827542004348476,1.5122976075149073,0.353108813990721,0.8353696725765576,2.2777058136021875,1.6593846389757543,2.1898519238754455,-5.886706899700993
2.08699287937685,0.7030756165189662,1.18405384604231,3.1336971529601967,0.9749017463857177,1.2191131725650515,0.6043404714993784,1.2989857598590044,2.189269336683191,-2.9645961078890926
0.9903327588126123,1.46785144227347,1.3687495089514683,3.106824565019079,2.4409241549370195,0.44824258115111326,0.9362475960995826,2.004612337795376,2.3845003337593353,-2.3080555412659147
1.7663954299119418,2.5036320873520044,2.1255811271509346,1.8797298139227727,2.07209293169303,1.793393723646166,1.9145516037282695,0.8686410442520749,1.8237329987881166,-2.33881493561645
1.7324254291797452,1.1687852883146872,2.23207881435755,1.765610073238409,2.874475155250361,2.59872655089804,1.5529907188585523,2.4062934618889518,1.7632333925250674,-3.438766902094862
1.6673061546419607,2.592921653876431,2.7155936983136453,2.285395679782926,2.9152175235379882,1.1569657112093177,2.738173595692985,2.2787925230509605,2.670026965077577,-2.3039422120937756
1.888009574563828,1.8090498763215868,1.6783513696257117,1.6460342171456719,3.0994718780258963,1.6367048466590033,2.4664509059380633,3.162060437384194,2.183823282824602,-2.314101361422185
0.5282548039918853,0.4928786083574521,2.11577913050989,2.363506106501547,0.5062545508995616,2.53983962889264,2.4530785731174194,0.6348141532477822,2.1231619445133645,-5.962480361002418
2.26449784731419,0.6249418443532,2.605248876289327,0.9969695492361001,0.38305208565973103,2.254460190346454,0.9928980370644847,1.1483708687537595,1.7324093069459436,-2.461578420631711
0.5028559790216613,1.2475523010581786,2.348940021570029,1.6830088974073532,2.095866889395125,2.0786739044438254,1.7252350401228775,1.170920850867987,0.617710822789813,-3.013581976129524
0.42165485209566417,0.9681919914717807,1.3252654590441875,1.9312861789393887,1.7769126108405864,1.2147933006199074,1.6393076270988856,2.5639904763627026,2.4333595293281163,-2.359313855442675
2.76931198609987,0.6792059347360865,1.0271559461072748,2.9242614034898167,1.2769444783462596,3.025068628514993,1.348680526407731,0.4248181244857808,1.9744960131383247,-2.81215160398414
1.5365207122352862,2.4467356321392426,1.1042956429120885,3.0602271680432724,1.5029259280001208,0.5133485136395933,1.3356214621987212,0.9438486507476713,1.8055941722606768,-2.3938321144365777
0.9456344824615877,1.8597070643382254,0.5687140609391863,0.9726200865475301,2.7814002725705356,2.1989630903823647,1.8880855889716193,2.3687787138196637,3.054859711161555,-2.364295343707943
2.148240031106408,2.5978890527145633,0.8284928408911062,2.476945024735991,2.300560908018294,0.6975771216408921,2.2177552509222664,1.3310488170297672,2.058604761014465,-2.31270098020708
2.3540581374151297,1.614561504281149,2.8578615348887695,3.1277413910705896,2.4521190286695593,2.3673936424850743,2.4182192718415596,2.714507613396182,0.49268321396567794,-3.3577249548802355
2.570753252121563,0.839312206167282,2.6307733728120892,1.3059168447851313,2.538884107454638,2.103369522442505,0.6470327840629617,2.7090314440980183,2.149613282037293,-3.950653857893713
1.7454740965090472,2.1269437250439465,1.8826339868784079,1.4743984871507854,2.5190010573365256,1.095488726098867,1.5782222481296904,1.629050269831412,2.5974289590960575,-2.317255494305932
1.5588082472592066,1.6573631928469146,0.7050921060211451,1.0482648764165299,1.1560503091114258,0.613942635670247,2.195435540950019,2.2857913691240226,1.0421931793755128,-2.366976325417419
0.49034754697083527,2.6803310788746386,2.444002643925919,0.8728630836653837,1.1258516271710413,2.620924761006643,0.7835108235941874,0.5620814292933262,2.8163996936771696,-2.3331456257663303
1.5172272829562639,1.8216319702099821,0.9162399151012065,0.655528278317075,2.119617122097071,0.5113887963554253,2.5407443389624644,3.037062047991516,1.1246141473560152,-2.311729569861671
2.0312953019322686,2.79842189533752,2.927073759640477,0.6743493138081658,0.7980969346160534,1.74928093834561,0.7524660439673003,2.03797661824161,1.8824399950090906,-2.357088743740254
0.8567557602666522,1.1845893352170007,2.196872418059952,0.35384221064161125,2.7619722368378175,3.1592407897002235,0.6394191813736315,1.6625853947018605,0.43179583143614064,-2.6490760503884183
0.4973767629954299,2.9275622033625286,2.6970183825192215,0.9010595838778084,2.972109344741252,1.315391654739044,1.7406669183353514,3.0624022031382965,1.9403649946151438,-2.313200556907256
2.139951740240222,1.3604986444365756,1.8259674473078387,1.6999571179477089,2.6168358338997684,2.870909011824601,0.5819810186599876,2.697047880828968,3.1490149913010668,-2.4814296382862002
1.0788488840193848,0.7989226633397848,2.3848921529533333,2.9715945120324054,2.1868839386408605,0.8713937108947816,1.25794987585448,2.860363565692571,1.3957470075381084,-4.858421509885939
2.0213388039120903,0.8473831863502519,2.8125979380981176,0.4052627901667165,2.5934290234442305,1.9167488756610485,2.8190537298181404,2.3611630578517167,3.0929899014278304,-3.4012398693270622
1.8194060664755847,0.6378051577596773,1.4466978245814825,2.3351758350608467,2.4079126238537807,1.7497519378160524,2.4976423130532956,3.0764206351452437,0.8497666257527061,-4.273545030913938
1.135293838105325,2.178156597693573,1.7022447219392953,1.4681945325940293,1.4725786281334279,1.3783153356585383,0.5890965702792721,2.727919870905085,1.9351278847804443,-2.3387305134376333
0.43876681993729283,1.1193884311960642,0.805222648160575,2.4298015018170527,1.7662438785053785,0.4693204112474683,2.082020902742925,1.5180603372467605,0.9482497749693368,-2.332054222149887
2.6825850235613533,1.35191783314129,2.6942596306546873,1.7195589907312079,0.6649556346159083,0.7911699211472064,2.128402548692447,0.5811342029883225,2.7903759292936487,-2.32140907356461
1.5425753366974007,2.689061469184439,2.6704541343050767,1.4960839796068903,2.628832360469792,2.47132092826659,1.253793887795244,0.4419948607038888,0.9554472444466264,-2.3048167195416775
2.741447966493645,0.7109690919954242,1.0078989726226681,2.44137469526713,1.1640592202328879,0.7851206109711805,1.3329837916207965,1.4740863534628659,2.40360205843611,-2.338977255915647
0.6669955555745213,0.3884726068406923,0.664327231867724,2.9771265476356734,1.8521159438376131,0.3787211436560155,2.2347452958104563,0.9758367612441685,2.025756884241411,-3.948788441147773
2.708148719465872,1.033982689167794,2.1750124027753,1.1502709645057414,1.4566812285386748,1.675184396625997,2.3570969029674784,2.2093648601421423,1.5146736277403658,-2.68350702874262
0.7741108111469541,1.0771563244054956,1.5123599356204802,2.3441532473832822,2.4657268178347973,2.01124143645701,0.9831709335756422,1.5626509944130011,2.1647205264540004,-2.810906129353184
2.337604755702762,2.9577040011432767,0.5828255522217579,0.4238106461079781,0.369360169924381,1.508762386052219,1.781711900598543,0.655409287397398,2.0060637470948985,-2.3952149729501166
1.0157725665468118,2.639531006143775,2.017669043012648,0.8804614780864071,1.0256971986683505,1.2578164288682991,2.4784144200812035,2.9025581290337126,1.6445397631808691,-2.344769516944499
0.7689813313040048,0.9811914886407744,1.6692496165755872,0.3622347207562206,2.423688281375598,2.751132158789045,0.6897897590173843,2.1332320749602354,0.5298965932477397,-2.4977934908927684
1.7473429048234823,2.389741655033365,1.9663980439725146,1.9569848309120168,0.3193893651292458,0.738109692952011,2.406215751227725,0.4317820013744419,2.415959301407339,-2.401364554870135
1.4406344165043223,1.6778326018042506,1.350428975826467,0.6391807406349088,2.690008433450068,0.5983287003017854,1.213729581406833,1.3988958333829111,0.4364461694359551,-2.3042217654614334
0.8468991473250782,0.7085957130161664,1.2632956429775288,3.1242139594147313,1.6034666539781397,3.003109916437398,1.7589034071485459,2.430411839095853,1.3067866941313302,-3.5717926059182803
0.43023789581579497,1.6306291026170796,1.5640540343440639,0.9371707375573954,0.7270866131644349,3.0548736170832402,0.6226920783852552,2.7677482951664816,0.9102323992119172,-2.4008515296739192
1.6094407119561913,2.1541368593934247,2.580018174110414,2.620778301931165,1.2160699774282524,1.102280005342661,2.2494685735141124,1.7570001587608794,2.7828784790858117,-2.308692835383268
2.7105820597741324,0.7736254278884989,2.758748649388534,1.920555359544068,0.6105966570419542,0.33007119035942,1.2068972303153245,0.6972576909213171,0.7444850078104737,-3.9975940369646237
1.9247068065860273,1.8792210247007735,2.3316186080763446,1.8896576838704526,3.1147248581070834,1.3931459049828225,2.81356762014928,1.8384965110801792,0.8784213100631446,-2.391192803211692
0.6268284594864555,0.8616773701568405,2.779027170505768,2.4540778741682714,2.664882343628991,1.561219828407859,0.9496571319300222,3.1190330900536956,2.105287923462043,-4.705640107358928
1.0121061196997239,1.106366932349143,2.4374908970952722,0.8870305071888884,1.5292135589229396,0.3172618711035553,2.7955259832511343,0.8312899921795969,1.8969945118242315,-2.599586225159985
0.8842462564607878,1.3007352729317283,1.59360034789601,0.7828082771699162,1.540480892178557,2.982812538915594,2.2250943501442544,1.7539722878249178,2.1143144337483153,-2.31094991474811
1.4636162129855257,2.4055080640574027,1.0010568226934202,1.7555882001579084,0.8886448783240155,0.5774911224793268,0.41357940498481777,2.0932933066177335,0.922659039796679,-2.4244109856235876
1.2185663361428,0.8672936614290014,2.685889194503657,1.8640826407699518,2.429171288498385,1.2666339097318497,0.8623249810804827,0.9551447816891856,0.9414544710900055,-4.201595104387979
1.5546619301845428,0.8981183662439642,0.7125290180783033,0.9860604204753642,1.46500490083475,2.291824343894656,2.1697560318077014,1.28878145291813,1.3624892833829336,-2.3077669685387123
2.3570641270634094,1.983142437964022,1.5793377394975123,2.4445985725566524,0.3295225700976928,2.855714568808203,0.9230951300199306,1.5413843766302977,1.8548525586667697,-2.402449121422514
2.31754213183817,0.9180643214797379,2.6619378017742887,2.550190326284488,1.647747731644397,1.2359925026060319,0.3840589948492337,0.9504203023414817,1.5604578627275267,-4.1722050105879065
0.36822042040362374,0.9958749094838728,2.549960497866132,2.5884604668865916,0.8521403520505593,1.624130455739128,1.3249502274884943,1.8915707914526705,2.3543396071101594,-3.4711043769041074
1.590178799567467,0.6779902711392791,1.310405638875837,1.878192014586253,1.7200243364022383,1.7984737985129626,0.7112125933048064,2.6085313508033625,0.9438277629578189,-3.4032420791602034
1.0824533694998524,1.444120031724642,1.6449385862003338,1.8243976495646403,0.6613637550229536,1.1622428497168764,1.484965738403731,1.5869777679166184,2.2744298449817633,-2.3333606474994757
0.5063190715264797,0.34234044036066635,1.7719603364226075,2.5759365562616856,2.37352871472918,0.6482994785160184,2.016735261715204,1.936899525585401,3.027207360182694,-6.607896592332044
0.8299586120551747,1.4079832068121243,1.8540646183873135,1.518197010721856,2.7930146650419387,0.9500955119858978,2.6095212710254834,3.0806037356731086,1.7655495579512395,-2.4307746684708995
1.563732865170549,0.5175786364485796,2.0815670787465583,2.085531191442413,0.4188607878747971,1.6269347227002011,2.0979693649844826,2.3312885644314623,1.9547803145519929,-5.793028597743064
2.51975415392348,0.6106969277496299,2.542020809860145,0.7354657389587836,1.4201462650595298,1.001142129928434,0.5587861465504393,1.9698602150357816,1.31598471595314,-3.3778221893079086
2.491511889632399,2.361749641579184,2.1482434205412906,2.7800130928614566,1.185943113408087,1.6468513495579185,0.5215604516216296,2.3535745442022438,2.029525867417992,-2.302853701134586
1.4460534911941834,2.189698170667016,1.145464662245005,1.7736930339990096,0.6244372214928997,3.1136286219815044,1.789214220062662,2.9229767356200758,0.689086134067737,-2.3374685795932457
2.042863456041201,0.3207296400598623,0.7529146231698771,2.9153870520275014,2.2609792032305256,1.6859659391227593,1.8216066969099123,2.055510482553643,3.0165848829738806,-5.0858537519908795
2.001040034066435,1.675049769530708,1.4084121072438744,2.7975213919015256,1.0966076166124608,0.5034611762563191,0.9650376336077482,2.8537630609882365,0.361647893883008,-2.3427306659211644
2.4768316349572177,0.5903074298612773,1.7258753748706557,1.194279208891733,0.9146154398945754,1.0251551676875916,0.7977753231027709,1.2075470243956434,1.2249398143295267,-3.108560676802673
1.8618303220920143,2.630317402169497,2.379093704873136,2.7016823195473925,2.722492763841641,2.1584454524284244,1.3781102735271018,0.5995416475865785,1.6524677564318537,-2.3086981980696537
2.414593515026944,1.0177076250816164,0.9458288743054921,1.987867813848438,2.904557801444239,0.6916600863424975,2.4120426480560893,0.45427203282409623,2.9704964852978653,-2.3084486540267077
0.5131624391311815,1.3884377627886222,2.953038892932896,2.534044952571028,0.45750907369167904,0.7145562789513769,0.42301303856436256,2.897743950477302,1.5523185512448592,-2.3088071056429373
2.3051310761666186,1.5802328364407336,0.9811017159890074,1.22068000634148,1.9024174398139722,3.129109851052028,0.5475232063965287,2.303630654061511,2.7139610921619406,-2.303158789562303
2.015519741548664,1.8369343852378706,2.8201150647209046,1.8292623567451112,1.983638135657812,1.400366665789619,1.6860833291469008,0.9946731569024361,2.7792021883503173,-2.3786100609178114
0.8625044190786044,2.051584978438385,2.3234607729156638,2.4183225114695035,2.0555007341398293,0.7969301915193951,2.8569222369631913,0.9858365086745566,0.8839214844074903,-2.305805703650839
1.7632939133518146,0.5247445885337954,2.0268765853484183,0.8960383121590714,0.7775823098983526,0.809118278239842,1.1545033711182227,1.1246191899346947,0.9936336292412491,-3.011158642587125
0.6989947000777861,0.9472931763434085,0.7293985824718305,1.2264784511446585,0.9953182643677263,2.918398405437508,2.4099656074604936,1.3650940305773962,2.5446584514112947,-2.3563808544277136
1.6939175167696299,3.057848941137565,0.7059184266671559,2.280648914525656,3.032541563259207,3.033542287589728,0.9425512423398843,2.984026208385157,1.8911079772086274,-2.3291927595785764
1.661899405890136,0.40684688947966813,1.17482053683533,1.6772296576130736,1.5770857926206687,0.5315093150529276,2.689499949768795,0.7903067422614409,0.5030039643767474,-4.321988263932136
1.367138317073907,2.3054051676333533,1.9366751309919494,1.0007658843801088,0.8457956144845571,2.498108198600718,0.9988903599732772,0.5268585564216921,3.109063118286485,-2.306302819097138
2.4524155708047037,0.4861929030704705,2.110501586494009,1.4893374163456763,0.49329118369580227,1.2765792387196624,2.2604758164138543,2.170219769709147,1.2459201742649246,-5.695295468311098
0.5372414425770359,0.3728281552545148,0.8927606240328761,2.6459838092540213,0.4292974545374302,2.788006277649091,1.963192820078332,2.6163940922945734,0.7377976339193577,-4.003607694309355
1.2457819881604788,2.264833930503292,1.73316111790524,2.2447320079997555,1.5933718420480245,0.5024127249697014,2.8377661144236868,0.48831484577093087,1.5228854477386882,-2.307938822114078
2.5097023784228165,3.137281137650393,2.5105526814653167,0.40054115475852586,2.5492573070062883,1.7882575666050917,1.5675737385394972,1.253576739136953,0.7009323897618434,-2.3189936231787165
1.1521619134998875,0.8541664276327912,2.9487668842470454,1.6284967414216136,2.2865251191228513,1.117326884251755,0.6997699271466211,2.244512873139655,2.5506634699052895,-4.10795064252082
1.7834083778730438,3.006119824289215,0.49102425001954686,0.7492086516778235,1.083364340366911,2.625854993661727,2.5308173418142035,2.646503490404425,1.5643575490601977,-2.3077452449852505
2.7266496633319015,0.6527324551861917,1.1679899470833484,1.6562339057552709,0.4019142341017004,3.0454198442716005,0.6433827427309196,1.496041776387373,1.0034745669959555,-2.30588229293071
1.2424419001639069,2.7834479504559475,0.45343077590936365,0.6044268034121534,0.7395418178452309,1.709433641767755,2.252294104135283,2.289638574939059,0.5915004325838003,-2.365200587695195
1.324998182460297,0.5042198138043557,1.5181629401504921,1.07432806725252,2.5066855484278547,3.153395806846574,2.383220741132635,0.35377805752977864,1.542054276427488,-4.187795969646937
1.522557627865043,2.4413654622701206,2.183755435295759,1.9959911156295873,1.06209812613726,2.843925134884315,2.046134455210689,1.5828185082014943,1.8659127820679542,-2.322203210507947
2.2595055955646624,1.953226342015018,1.630733991960688,2.5956156296254256,3.151478637499535,1.3349738524343295,2.7673757279713453,1.4999735374401935,0.8605995514528975,-2.3119471319148612
2.3293348175876,2.185453977616569,2.7080886268868047,2.9563072179860685,2.1790211437525104,0.9022522656921077,2.580023177733826,1.335789134070758,2.327859712459729,-2.30523787552804
1.6517192237181741,2.4602589943673174,2.395809340745952,1.8391859849006926,0.9846286065525358,0.8184940839148986,2.269854118193963,2.885365113428626,0.48830179748505265,-2.3245898726892036
0.8152279246287168,0.9628296766507127,1.894666355118783,2.239834798038103,1.9769662946079032,2.3125929091632966,1.9799553569697808,2.1929870408751793,1.3726030596272292,-3.4409261387515224
1.8050555090049594,0.8066186932554544,2.8352297924247862,3.120577517051973,2.5653077000320677,2.2279239152656234,2.841924295034406,2.5046324734369403,2.449624376325384,-5.405599693636815
2.7852256312768033,2.2426329021976263,1.4919654195286034,0.5683444036805155,0.34027188783180795,1.485542902415856,0.8250264681675182,1.8655717764721194,2.264378339274906,-2.4038460118867575
0.45961034239612425,1.8047363509004921,2.7458522029087575,0.3652557669882509,2.820041270737291,2.878547664836062,0.9006652683416505,1.7348111619736313,1.140864374725186,-2.304887702948758
0.7263937679725216,1.098683725249373,1.8895973445743728,0.32054830139098756,2.0270062372804976,2.2117895628850563,1.5232799269667632,0.6261292088766979,3.0633574970353887,-2.305888028939749
1.6476119859463325,2.018771525784402,0.6280723977691711,1.2629598948642495,1.8779209556509966,1.171359791782705,2.5222807579337094,1.5734851702851407,2.0441619589619524,-2.3135754277248
1.251560110541502,3.013901105035623,2.5995060466958595,0.3499595465316357,3.0699907327389515,2.6130421906969548,1.7719149816136313,1.7392585866951995,0.5528772351740222,-2.3115337819419275
1.1179040585883122,2.056727340338523,1.6952855399574167,2.490653080151128,0.703394721532347,1.8604860298398056,1.3468525742169521,1.2207898081743596,1.3786021565381643,-2.3391334093680825
2.46823024954857,1.7155085001880501,2.464559956263968,0.8586328846394384,1.8036595753562326,1.9549125343676614,0.4909853079708131,0.9379883490226113,2.051491240257143,-2.3135244607394965
2.126847338579451,1.6091704859419622,2.5836282101775767,1.617248268955566,2.7949847482947185,0.41620172673452427,2.132203498904272,2.8226156545505936,1.7891207513097966,-2.834492871867978
2.7739395865496403,1.2576990468227327,2.1892445932470492,1.888168604913888,1.290497925272199,2.261714080919113,2.655541932423835,2.508504453789777,0.5203876254976232,-2.4591120382484086
2.5487436445127547,0.39271357815945596,2.867971629895834,1.4787161112160128,2.909869517198459,2.6599192485718826,2.6704541242374025,1.929737081023818,2.5780394064426972,-5.450581202168706
1.4850155010925667,1.3960622601756616,0.6320028988557647,2.0600923225095245,0.5368783356568239,1.9113407116123216,1.3684337166462124,2.937392890118,2.5638751358079572,-2.3046390188197443
2.694341320419576,1.924372711199478,0.6183744170399963,1.4135419906399938,2.088013567377052,1.0745564179395912,1.4095213800002657,0.7772347527636352,0.38227980933262085,-2.3608730938308105
0.94182605815137,2.4736830941828525,2.9191026624820413,2.7880220399710223,2.6921566129144865,1.9625784115788232,2.5734636469997803,2.9579673647193365,1.7725829134842261,-2.30532822237579
2.4977010440533736,3.000823648842217,2.4136189510923707,1.2306234192717502,1.2880028277892714,2.9096598977699877,1.3940913265031305,1.8821172816701155,1.949152763417917,-2.3167052636071346
1.9172662597077257,1.000146942678727,1.9199209147668435,2.89052626517564,0.743974580565373,0.9110898282199582,2.393486347630073,2.1099591030604263,2.621391624756462,-2.7530572304871495
2.4484771052004883,1.0557312631987936,2.4495197910921265,0.4708857685156941,2.2484228060511096,0.8569558042694656,1.1771956628882903,0.6078217384110127,1.6672819567666282,-2.8415259827055093
2.4196520593076496,0.9743381780839511,1.6596139433487107,2.3163444735744005,1.1400099451016168,2.7283195932585897,1.6117354992538226,2.2262109015708815,1.2087109300314804,-2.6326184173613303
1.166484520307861,2.663838260044418,0.9932011607513239,1.0516028976120209,1.9061872432857505,1.2591386997936556,0.4111253517949226,0.8926312689296767,1.8448655307913813,-2.427843622204249
1.4445106965874182,0.9320503500211557,1.9014766407636232,1.2769934571020667,2.242343184364367,1.1838957258127283,1.1945580027329534,1.1511472834028678,1.1368247179881632,-3.2483166658282063
1.6788159612428195,0.8382418267557361,2.5238542304831375,1.580419590249755,2.355376826185146,2.3760672467502943,2.5714986155643973,1.3507411269219864,1.6051783712315117,-4.005427047169575
1.9785245576623396,1.2799962604159867,2.6111090444793987,2.2660748197668337,2.020851910477521,2.3595154902332593,1.6821978715493142,1.9217593570370695,1.1736169739384898,-3.3167740203416742
0.8092796359403407,1.878582950726925,1.8114614096837216,1.9631207697543274,0.8685308969520138,1.1301151797396203,2.0790051296875056,1.0834750244475233,1.2056320504909293,-2.3614411338187833
1.3812835566203536,0.8802750078325936,1.9736088644899208,1.0350832670288455,2.5589459221256363,2.4405396027666546,1.084088514965703,2.8740276808923553,2.3368936221878154,-3.437211052289289
0.8503018207528268,2.3330039650223147,0.5141221785803898,0.5902393915151938,0.4530036027812384,0.5811566562976216,1.9656421120635446,2.469084789460905,1.1688587400201145,-2.406350995633855
2.459624055841022,0.4138722213548534,1.3649340987494443,2.3253315144114244,2.962042899348452,1.8076871826053316,2.863590035433468,1.386410824348951,1.2129137907270704,-5.4303276904531055
1.6057296633922014,1.8932342221782148,1.267589481460616,0.9614022101462734,1.3195985307420608,2.650711595614187,1.4218497965265684,2.846568933772599,0.5625373932870097,-2.354540286757295
2.1750863456782663,0.4878670087086898,2.3610689110941614,0.33728656053050277,0.47200698467750873,1.3262478749875075,2.2979993981554783,2.030620471635401,1.0047340556453104,-2.313716317185805
2.441807398551961,2.98072028724378,1.626259008620774,1.0210598518405807,2.0646694367874465,1.9303107651495635,1.426011392040293,1.4076138602232904,2.064458834321799,-2.3424517604556265
2.3213551423613694,0.7233262663940438,1.4875428577088754,0.8437580476925977,1.993843945518811,2.02596307036454,1.8598584935505702,1.791011612225962,1.7764229254209631,-3.0983160878546157
1.4271065313135927,0.4296135768828167,2.0961091966194383,2.8379491029023356,2.3703548532765852,0.9330405502444599,1.496283564740484,2.702612394721101,1.3442131672115933,-6.626926021167051
2.3680991573056405,2.9132846704713122,2.594619495617982,0.7700893332259997,1.680639761969277,1.602569025984007,1.6904466546237507,3.095302457027655,0.3425347834448009,-2.31042899756719
1.007808377992455,1.6400408083721596,0.6213273301391318,2.969368488067431,2.3636498239421186,0.8440530541644722,0.5085181112886141,2.613317772758191,0.45251788658290126,-2.3795264739644866
1.7229724365664147,2.1409080469619375,2.7990675098125752,0.7117788883164453,1.8392364731446236,2.988912804599683,2.347598369031021,2.4606926468714105,2.2209123933822053,-2.3077684308419495
2.2421684423013657,1.754132942124261,2.6623792577738943,3.147069913325352,2.8213602182090067,1.1261073102032442,0.6056283884223606,0.36048418111585856,2.3905172116580307,-3.091252290783056
0.8408600061626477,2.113991642471923,0.4029122088883037,2.555532571107846,0.35972394078202014,1.7014995119033776,2.4889390094636665,1.380646145189953,0.760784868582996,-2.4022924785051285
0.4160483065636303,3.1011938487626205,2.732944155388319,2.055940543870569,0.5746610041714094,2.230916414762416,1.1667024233947767,2.276880651621047,2.55251483056533,-2.387712926266556
1.9080850243983223,0.5095713904200458,0.7160126498380001,0.4502142262018598,2.476017499655902,2.0614905834236956,1.2746736801442295,2.385919839088087,0.8080996503796619,-2.4821089346741263
0.7518604820515793,1.4489779478056777,2.2115271061523822,1.6478937517234313,2.9578694796521336,2.556746912450637,1.0598602012796052,2.43680149823204,3.081092508861765,-2.856524824408388
0.80107046468617,1.6469202469585533,2.2740829392618513,2.736215553341644,1.7592807380094522,1.9935534222102211,1.4350484159633703,1.3006236356217302,0.8456841536919557,-2.334930074621329
1.871475776692721,2.9630201252818615,0.5356716858078556,1.346683667915719,2.4590471756938563,2.4367192939153095,1.5890473947394497,2.0643351463370627,0.9652431614995587,-2.336691143653779
1.0636287855337565,0.44197427810748513,0.4425544595790968,0.6864639872633354,0.7304000380254112,2.4469058551065532,1.5734602007635579,0.7684088998055563,2.8396207627781473,-2.384875285551717
2.728391067294361,3.086865374416963,1.2340842474719893,2.229877818112168,1.0978521324330728,0.9675036690668677,0.8754641285890157,3.153761849107248,0.628100846237382,-2.341276525542608
2.0198099510272427,2.888437574081104,2.5141768070234125,0.9431324029475903,1.508281785568367,1.6432914807587902,1.2596276886586708,2.392814881648576,1.4138327492872682,-2.3343699629028336
2.777481079762504,0.5334844821509752,1.421909168952746,2.025785924098494,1.6055458967853762,2.4496214455781518,0.6853754590389424,0.33632716154517256,0.3650820624199028,-4.207409553717686
2.0055813618505085,0.6134963795504433,2.5880497537494938,0.927942874645308,2.050453928421495,2.634457509060188,2.459976960532629,2.58435221728017,2.870662052721114,-3.918156470644658
1.451125686638338,1.9979474620718978,2.7764113744289567,2.1918074562844403,2.9291027431892633,2.0307399655625624,2.070790322484919,1.6935384715761665,1.5286446548039854,-2.6400610238714757
2.1842782411231356,0.3797579828534503,2.88870002801577,0.8491973908864789,1.9711267479442438,0.8974698470835163,2.38475786157776,1.0149743589032911,0.6640668619219947,-4.472429635205013
2.531882277177712,2.23934822291365,0.9263805317329613,0.41178539912100925,1.494802663458496,1.8824245630069256,0.8845946937810722,0.7639794186022979,0.6681777962890267,-2.3836764274700633
0.8363025009713233,0.8234763321640026,1.5811399731788034,2.8656836056359714,2.272559831246992,2.617846585695871,2.36708216043185,2.0104120506141707,0.7805001437184228,-3.8752627287129946
2.1216811542877947,2.2854191132643153,1.1234555262067194,2.3508952844158095,1.5535375469458086,1.945800357059162,1.4597115275461792,2.619929618297161,1.598204210091951,-2.332277173659395
0.6624966710535154,0.4664258506696226,2.2810121008696598,1.3710189683236804,0.7550199605498735,0.5253012977800066,0.8088467319083461,2.567436426379806,2.2434799564091676,-4.255613157413279
2.5894369326501847,2.0380785743481895,0.37997554015764623,1.118813686720282,1.746708719394356,3.066580228509963,1.2308909225357398,2.0266740102661718,1.6268730072531128,-2.362203019126333
0.40613585790777545,0.6869978616195873,0.9094434869253797,1.6044132623945733,2.600008178747677,1.0343612601289225,2.227533605158025,1.0407393406031007,3.043018514623115,-2.6852726975588177
0.48309677668255047,2.70023865093225,0.7267720170162218,0.9127940783081372,2.993099287556063,1.4046950795652717,2.341185676058039,2.3289757413900256,1.9574322811415585,-2.3352729793455476
2.4102222113403626,0.5784769050055452,2.292605085311772,1.3019270533408973,2.0331200066229784,1.5711011424624526,1.123267867861264,2.3125463912777335,2.465830200531664,-4.243382901520199
1.5690941577950206,1.2378543331468572,2.3102437529252002,1.1817351366686586,1.5004465956048105,2.0753064260796608,0.4048267631723575,2.544892511675415,2.163138013001597,-2.437965843219573
1.674844412389261,1.2860006494073115,1.039880260427383,1.848217785876016,2.2928825312454504,1.4889716732655445,1.2667632591513338,1.691672400336355,0.39535089712117244,-2.312551707951585
1.1940617899983563,2.549971074712191,1.7384773516322996,1.2926941096859716,0.714001705390487,2.0505166190167614,0.5761280813024285,1.9586512033987726,1.6033882314464307,-2.366885214879585
1.584819840487751,2.1020054880123236,2.6727731514663464,2.045412895404609,1.3996179135805018,2.73812100825338,2.8768642134577522,0.5335524209471705,2.010917395411832,-2.304878449741955
1.2063228420051697,1.7913949991881468,1.6084566956291377,2.7026042465101203,1.9286730724422345,0.39866133865889264,1.8195737757552832,2.8483484554571827,1.492810249216071,-2.309665822611411
0.38279093971066824,1.0915531706317678,2.1552008164322825,0.5818136770360607,1.859936604358216,0.801810427046406,2.739181336081706,0.620356977452649,3.0457595103442823,-2.4998960016607628
2.5151163972742814,0.5458330582204994,1.410261031688516,1.4500465727979466,1.3940849345178334,1.7608054573854202,0.4607603801663258,0.7098257218272619,2.1366879690658735,-3.6181829017728644
1.6887789767451227,2.5271672069855464,2.294859181395828,1.5278711369631004,1.9814576072750927,0.6065078792927889,1.7126883342320611,2.0545461667102605,1.7395409312062557,-2.3192531968610557
0.6486677369999004,0.7188814477577046,1.6173651363762873,0.4935277080969574,2.8488363883868195,2.8837796124067756,1.4917860258155389,1.0516610539929676,2.5090550713573823,-3.384384752813275
1.107937465112422,0.9137670462605194,2.001492102535818,2.6670696037215524,3.1070708479803004,2.420753159527592,2.1834470444995984,0.4664697858435044,1.2596441200790083,-4.30006924392221
0.40875959920703614,1.6543767867143813,2.923113441960637,3.110922182499146,2.2067507144818865,1.434944004983898,0.5283186989305186,1.138641987648779,2.3231163338757823,-3.2249034925143447
2.3737044541648413,0.6204068192830463,2.437197349685019,1.145197750154458,1.0719942973163632,1.3033964294893194,1.470857462396233,2.1561888702967473,2.0782438749839667,-3.4328677542119017
0.6976180146545046,2.546290713405204,1.9145172372087067,1.981881948812135,3.128191075014748,2.2204036725105936,0.3760779685519172,2.952382846718809,1.157292388918818,-2.3114288308599567
1.26468999561171,0.3482234665571799,2.2507992039066833,2.1012005652113097,1.2496321422363756,1.1766004464727775,2.24242656373286,2.2250468707794977,2.3564690102271353,-6.425180605631871
1.5923753951385637,2.217222757808603,1.1083562159132678,1.690570217853978,0.8068833433493361,2.3354967176979353,1.858005245761152,3.104705324690289,2.3458403758986424,-2.439842064345122
1.114203143794222,0.5844328746836389,2.750184980186284,1.462309141549409,1.2232504967451752,0.485386856776028,2.628863128903443,1.0318264767451455,0.87229060262961,-4.081494725929893
1.0206739101967415,1.5201008317611469,1.9962890509831295,0.432065601724986,1.8126211310576121,2.353734438131845,1.0984992063159147,2.1863733611721683,1.8126582253933643,-2.3121721661461363
1.853971038967229,0.7287821669788939,1.6722097364828696,1.9518351796475446,1.8354261472774274,1.8284708889865908,2.6980439282451596,2.98850493547183,2.7353436555122483,-3.7522266395616413
1.212258221044692,0.35265209604969905,1.5517850615011461,1.3145568597578292,1.1336634801626024,2.4813893504353675,2.5938744742517534,3.0242517955209274,0.5481382898542503,-4.4307139839535505
0.7399339795562516,0.7383531550137301,2.7678729139117726,0.4989456262273891,1.4464464737417586,1.4260206892073848,1.0639836484048182,2.866754815796133,0.9589020230540386,-2.97698837883361
1.9857969121157768,0.8571582551389201,2.911511399826553,0.8044408828385701,2.612658855379569,2.5781457828159837,2.619983273245848,0.8481411158734677,1.151349662515795,-3.7011512859557527
1.0456690111671687,1.4278895943747052,2.9565899695805626,2.7178304408800695,1.377968340547768,0.4565559422250667,1.5682684000003506,0.9992919176229227,1.0678001442169185,-3.102988107283665
2.21049579878006,0.7863963106680857,1.2582086032126876,1.7385934727784376,3.009917590013782,2.427222050008529,2.1532850204006246,1.2502315214172977,0.47449712475112854,-3.3800505773532676
0.6379225155698909,0.45491476935794173,2.7239375581605394,1.6609763372752215,2.1705168555892924,1.7797259224978261,2.76034302198309,2.335973608995254,1.9851141091974331,-5.22000204595841
2.598167246732974,0.33944000026193855,0.38877724010190284,1.2356617841829984,1.7402178198388134,2.0865562978403367,1.6421249341055801,1.8873945111701487,3.036702724321699,-2.307669805698733
1.640095736376341,2.4915314830976363,1.7851223758825199,1.909788921696383,1.3639007114059702,2.7111981400242486,1.0513372714136415,1.9356363337243654,0.9738746572636725,-2.3761014497482464
