m_1,m_2,m_3,m_4,m_5,m_6,m_7,m_8,m_9,m_10,m_11,m_12,log_idt
2.057997743140683,2.171374898256092,2.0866398619773006,2.4734730073208717,1.0390728842485228,2.6804552741809125,0.3464518242771972,2.1578713756810233,2.263268860247196,2.7783152065585766,1.2901791431212628,1.0572890513965385,-2.3294093685026986
1.8724395418973871,0.47343454372011623,1.0468620944654732,0.38211832568596427,1.2822742641311706,0.6485931784096126,0.7668186889597808,1.7643732436607213,3.008982825342978,2.0956032128108113,0.9435714153977559,0.4445902139553019,-2.339387096186295
1.0823452699309455,2.672094023197712,1.1206249988669053,2.3115015058237662,1.6900904232348082,3.02148891456735,1.6493114346241784,2.6133567058974068,1.0576734779276202,2.158642240267092,1.4034154051095642,0.8007859314026581,-2.3322927382609473
2.3526192899741125,2.3099929707120452,1.958274874154007,1.2638844510812837,2.0166145257141865,2.861463596008762,2.1868641214363906,1.2988582820431296,1.0897657079701906,0.7187264057507196,1.7290933240447994,0.9206279054583522,-2.3170882486117828
2.9040136822719185,2.2315185158747566,0.7779295876217394,0.938379698307876,1.1090560358109471,3.1349302560965517,1.053769940603426,3.114151060505531,2.517810317397019,2.5355890387395323,1.77941586799462,2.063279898012398,-2.4315368520459724
1.1085125947370154,0.743704405737436,0.9792573037016903,0.37108348454401685,0.9714213849497346,0.4888995967840949,3.0806718848950423,1.5654286254492484,2.9896467978835344,1.5694156309517941,2.088219790256898,2.1959070627534847,-2.3673247469586642
1.978939191494303,1.1781197359402142,0.9179541371852452,0.6473934634554881,2.816976910606177,1.8049298471564938,0.8330692360626912,2.5497455604877253,2.0453158813741434,2.94342811366631,2.423920948216242,1.3921540089705715,-2.3151354859955133
2.3313056686850118,0.4809609423124023,1.2248941923791121,2.1906337285054223,2.1916094441663714,0.7374122008644288,0.9544194960137855,2.251543888498606,1.687610438267223,2.0054867120226727,1.116721812251893,1.9147588561401787,-2.5114017901124743
1.8993139586459002,2.000135461678974,0.8584312804155294,2.2513660833118188,1.998610242685024,2.164540477628938,2.5224482068959397,1.960709452775254,2.727627878934417,1.3140519497323673,1.546036139807844,1.5660043991892962,-2.3324890403689507
1.7385261525984916,1.7869513967789075,0.4842813705405113,2.5501399986933553,2.5802985858267844,1.281530504403564,1.0089130469349223,3.013949292375997,1.9299048492855486,2.5053149230482203,0.9222973258138569,0.7598282093372692,-2.3176337315270414
0.8796454005122356,0.3824621113979374,2.137136665927635,1.8910416753191812,0.5231950106879484,0.9302217900860843,0.8953302898406972,2.2560528501763875,2.9192960832776533,2.919686956119955,1.3473667304512185,1.9795122960669236,-2.793205475270623
1.1426824235237192,0.5817964930854159,2.147009900079952,0.9686401310841288,2.2484073859104563,1.6581312053025579,1.8734399727553543,2.633710213914401,0.5654200108663282,1.2594411148876843,1.8991534957686715,2.2745893993207584,-2.384761098686184
2.8228524879145636,1.2225023131341894,0.983101532208335,1.7011904596515792,2.688215827005192,2.0847322110695496,0.7050672911445577,2.1684730456082986,0.40658256962880235,1.8446875767671758,1.9708809259387965,2.656824824026216,-2.3155561445986272
1.4180744671156613,1.4090312372695388,1.7845121368706363,0.946361898753528,0.8276946206999964,0.35598874417597454,1.5008439559039757,2.756652054859594,2.753523247573069,0.6717684368764629,2.623868719768681,1.0084397966700687,-2.3716943420901644
1.0357574492544952,2.0570480417228896,0.6184558911313228,0.6825333624362279,0.9389349494085402,2.5178560728202872,0.5908302222842519,0.7239438551474697,1.364609822899499,2.029829793033305,2.5190994625318646,2.010979665838061,-2.3200894730695176
2.3073337439138286,0.4176318743359309,2.0453991854332414,2.29171369085674,1.0210553969704177,2.009234111921794,1.4810494372011607,3.0234551810533725,1.3901459035351145,2.6950377450031864,1.5196213106321814,0.5342064114900338,-3.3561189958327673
3.019832084590154,0.345587924038865,1.8165691601914369,3.1204224681918182,2.156571905452565,2.277231924216024,0.7808906836997613,0.36363165213463755,2.7398071250106937,1.7832312673476967,0.3720103317479366,0.646926678901959,-4.898661368155763
2.4509537782503212,2.978461755242567,1.7014608941745577,2.9552874029922442,0.5592493804917967,2.5943987233011487,2.5582176374892245,1.6578940363024974,1.3688474783859974,2.191333331197783,1.8341078249692657,0.5403959590062388,-2.3219829066061193
2.1180950083578627,2.445085581358514,0.941881140634188,0.846048493743425,3.000514507501146,0.9350169584108861,1.0815935363603004,2.60954754248394,0.9399562002523962,2.211179116726741,1.7036564488386172,2.860763341175943,-2.3241400049568224
1.4980518541323924,1.8891349610617085,1.820698189356582,0.515871188102802,0.7421745740352512,1.598443267010313,2.0633439645865717,1.3937447455438703,1.9637574845560033,2.2214285589887037,1.984748286608422,1.810304417173139,-2.3890349557195605
1.4045879677770894,2.2123814055121587,0.7506604248507142,1.0147394165530097,3.0537918208324184,1.6373382803359458,2.780358784631352,3.0726139412458644,2.170830851186021,2.4330467060767447,1.0545931150974612,2.748260688560615,-2.314161277607716
1.1665431401062025,0.3711879368420498,1.9239168167399316,0.5058264075375908,2.919242202224332,0.7971447637028037,1.970239919978643,2.909733266920841,2.4064521018019542,2.429441719565019,1.6857881047575736,1.1585844631430455,-2.9785870169044486
2.6782929401881233,2.611320110342577,1.2358027233624753,1.738140448376067,1.7582833460838372,3.150544617167475,2.5296610324907087,0.885631569227844,0.5194381280355297,1.9905615309241742,0.6944404378676439,1.843299042716089,-2.337825516716434
2.6557106487510675,2.230051175676901,0.7047192323040088,0.7119368357073987,2.7709305576404932,0.3776333869611102,2.9515420477316123,1.594624675049011,1.05653111873439,1.0441902671573975,0.9195799414975185,2.416491050408108,-2.34246278805219
2.7396723132350913,2.4159988364581912,1.670103424616595,2.1164789487637514,1.0694182064858941,1.1207461111927934,2.0587155658383183,2.4206383266423197,1.7532739344702863,2.6666869296859836,1.360811024113791,1.7878388746527507,-2.3167021740883946
3.0669824524626748,3.1518758688258943,0.5874975882011537,2.9907479748274044,1.50993471124866,2.611348668096821,1.417143401673814,1.72074028447466,1.2223042131928734,1.893303998434074,2.3804620269514483,1.2703971247278871,-2.3512092962205404
2.8596122879148322,2.836399120345647,1.1073399303619333,2.4754865550576444,0.7779891729089246,0.9488132279276236,0.5739599055036315,0.5251246111085147,1.1118391076680654,1.831994148308145,2.4124591811037828,1.3352975022834204,-2.3391136119140485
0.698539840687754,1.2198473916190513,2.17692797495678,2.9986240122172925,0.899291342061892,2.3251854142546717,0.7410041911911969,2.651021828371522,2.1708759833987714,1.2478004121320254,2.6815718988667583,0.371477687052394,-2.3302960066427856
1.3217923141121286,2.785257114892912,0.5267341203545021,0.5212166097661564,0.9447177971989089,2.796952692006362,1.3767488394198126,2.4280823331076227,0.9683309112494014,0.6612174658031613,0.8526854440103078,2.1750237429536496,-2.3773291246155948
1.6711746181630136,1.6975732311439768,1.074410407166474,1.6204060793213857,1.3682275118060836,3.070637906102883,2.866324037656156,2.060601899698325,2.7831907577844315,2.347895968760512,1.4310487586528329,0.4907835724886487,-2.3403000563549123
2.4620675233977525,2.8530202908356315,2.043367549662518,1.712024159600691,0.7557973988804059,2.903313880912597,1.1924550448905935,1.9776823891567925,0.4499509876874052,1.1031743111093006,1.2436240844239703,3.1547363857660096,-2.3730912731828293
2.802942716303703,1.430065835519409,1.5303939708901066,2.2978996429476686,1.959077261089617,1.9778537463924344,1.6339104519246992,0.476224484264304,2.975947966483359,1.295518231807893,0.8700141877917624,2.9092951603444432,-2.3177346842101043
2.9305498056010815,1.078587284066703,1.1560390113412338,1.1611596759845306,1.2345081623830774,2.9282941288174604,1.2630017912257498,2.7253429848733917,0.5772341334264048,1.9695791120441322,1.6202877377237805,0.985476740530687,-2.33675348971488
1.6417913187391762,2.185570184107938,1.3491584202629483,2.5001606177455074,0.46734750837047356,1.8087850987855765,2.2487908724716177,3.096268415230171,0.7170036608151045,2.713069693488582,0.6107568175295935,1.8346313423362737,-2.411364008251151
0.8352425126591847,0.32790470498835933,1.8792921505815974,2.824374730392128,2.8040108616064576,0.8316948311521875,1.0321992875318695,1.6800901702492084,1.0006910877094366,1.3632529063664502,1.1626493177283836,1.4212864926900586,-5.143626089926477
1.098967316806467,1.4872890886917152,1.366278815556078,2.4966088665517954,2.7762843982081487,1.4565477971764962,1.817017713635699,0.8037679352954692,1.6125182804023428,2.7471611272850067,2.472812912211211,2.0000474468112195,-2.335234012623646
1.6989775308782777,1.553151684630492,0.6577974811289825,0.7438965756714973,2.5952355374258422,2.3536216628651383,2.8032519928050132,0.6838963759611629,1.2168281593116972,0.880015251133149,2.0385280576444598,2.995476169642833,-2.316690173763718
0.47984630917592486,0.5114145129743495,2.1027954853445747,2.9606941506629547,0.8475640749401263,2.448274874348563,2.6415100761616697,2.03168538754758,1.8854844411782457,2.390700385818339,2.6733914043872073,2.7905852449756265,-2.6404934820221406
3.151017893026745,0.5315652007110085,2.172978266591266,1.6865256173717889,2.385186306115904,1.4035537693320403,2.0071537231870797,1.7929691082027703,1.665898751263237,1.2103993283860506,2.120747740770276,1.6274233427013303,-3.2179893586768102
1.094446153218661,2.469547301451652,0.5365481453764482,0.6607812559563147,2.425841167885614,2.6226079600361882,0.49954011253949093,2.324866884600731,1.252331294835954,2.0382771599537612,2.5148787328506654,1.2970247042950143,-2.34876128280817
3.1212473603114286,0.6639527206902791,1.1987068511002774,2.0811172157700417,0.36630427690016576,1.5118759644203086,2.0210220180801644,1.7861238554685708,1.2056849196344377,0.7472449028264854,2.4077556025402593,1.6017658356592128,-2.3439267381095363
0.3978167303928213,2.8208976040031684,0.9244784774792829,1.22118921192782,1.5336234780179703,2.9338107350623104,0.8501940638757266,1.869454700582378,0.9015531223020161,0.7677649748476754,1.363215282048975,2.604530911784344,-2.3320266368333895
2.400081038559684,0.8019481147485608,1.2044877584317335,1.2393653185826785,0.7624515360694681,1.362000374709738,2.1003569497938264,0.4723799084974285,1.563025223053269,1.948979121470843,0.582954358348691,1.2332699167793877,-2.3250257124755187
1.7838904973403271,1.8510282206340989,2.1548316574466613,2.6344052989753557,0.8957628193035001,3.0752461684252537,2.757123460375627,1.8185120669696957,3.0829535701367208,2.5313507062102243,0.44478953930463433,1.1700337196618047,-2.3150515314820557
0.320031211641333,0.6852533719550067,2.0313035156110155,3.019679258054585,2.114226002855399,2.7225717014308968,2.0652728980724984,2.797808157335932,1.0240723988503881,0.44181450301976793,1.7176594708814172,2.427538240342602,-2.787918063788919
2.0364626610408916,1.1598295979890185,1.6355267079452502,2.600074033357121,0.3877021237515478,0.5981107313990642,2.657165638228441,2.1866258108725685,0.5792850578617061,2.8183664947279263,2.193219520779959,1.2768958039398752,-2.364046293031406
2.84682643343263,0.5759774250995808,1.8502947696666736,0.6747408178729203,0.6552927267876498,2.7395676865065286,1.9300438096616546,1.6713158758383662,2.2604878086815363,2.7982049455537377,2.6993592848481445,0.6248111181574162,-2.3563059090875065
1.3143429900839805,1.1293468970457519,0.8669464464067458,2.5399774501272256,1.315236970553648,2.3111782641325296,2.2677900763735592,0.7058894261029711,1.4689266798786298,1.0033754871629537,1.2756199289763643,1.2915347396977126,-2.3333461103192508
1.7320019702855491,2.2957868682045346,1.9291405468623908,1.6034434333318097,1.1991960270788022,1.2066808940311629,2.667683547586294,2.7113084362618523,1.473365379600165,2.9521490283078284,1.7850205467563802,2.498955376215131,-2.4034159966719724
1.7078272637251897,1.6996696703722862,1.849574299244213,1.3950608123715107,3.1090372577018073,1.5154057895387578,2.3497853269138296,2.9431310299967746,2.2292758995064967,1.22072145996784,1.1254408940693934,2.750550142736036,-2.3226296094322563
2.516741154970128,1.8427050355880863,1.8243709470782734,1.321189105495132,1.6087970002840797,1.34348968466867,2.3070005774739384,0.7103822461000925,1.280845314453166,1.7180711965062434,2.401822367620121,2.1952704107327334,-2.3360523106692197
2.246411586477081,1.3311509018261205,2.1959044680442976,0.7973516667902797,1.4010243989578233,0.7783660277658999,0.6919681912184553,2.4968504902762803,2.1604429494588824,1.3897475788874507,0.43099711104982735,1.3408430063822179,-2.314996483614727
2.85703143671189,1.9269517902855493,0.6869728502372836,3.055323291012166,1.2463586859361522,0.8044621488213419,1.5780839495794965,2.0912015746890593,2.0183989350549623,2.8949859889765914,2.245443330751633,1.7048279356226426,-2.376831393948785
0.973446237899871,2.7816141752056143,1.248807739693495,2.9586435638321746,0.9912314736606742,3.0890614841668658,2.717403058002944,1.7979606203895961,1.5433830302407419,2.196084311209918,2.1129986935257286,2.549549860202648,-2.367105409653096
0.5665800526969278,1.623582317994225,1.4626516790961064,2.9655316756077488,0.552803182853043,1.325560115770999,2.465682954111884,1.2120802838602611,2.0331630433550263,1.7008852620006278,0.7324623201857561,3.0893779652584046,-2.3293168709607235
0.7055068296713072,0.5691152950251266,2.1582709110213756,1.8150076575910057,2.343695736135184,0.8208207864145141,1.50828204346031,2.920112220077281,2.6326611548332144,1.4534817509003057,0.7082142547372987,0.4695732099518974,-3.5055935654270165
1.4572172808220711,1.791375097123137,2.0905872921824105,1.7075867606180304,1.8100196178115444,2.809965394186855,1.9665282874657808,2.6561030618338597,2.5827643456454448,0.9627222550010749,1.06278945828845,1.0977666338431415,-2.3195362699349804
2.3801955756076865,2.9222324022145503,1.1232795526603678,0.5361529149525807,1.6320513076485879,2.046246538868552,2.4328186658556383,2.580180381365428,3.0472440558961247,1.357083471961402,2.0489892544896486,0.7648060273234694,-2.3208126732561394
0.5049717045940288,2.6393502369204382,1.1668361236569107,0.46632691147562977,2.2962256918205135,2.4152963457449674,0.9383097837623837,2.406402560230791,1.6908017264524347,1.2975257339170705,0.5450141699467123,2.2297112268860024,-2.325800982023411
0.6259968320712994,2.4110197449088617,1.6220563555894532,1.0225259487874054,2.326211454421779,0.7593031703283142,1.4152167767456498,2.488204410906776,2.1021810680686017,2.4138870902838585,1.6387546882758122,2.1042454300868654,-2.313720715762092
1.644479649139951,1.7284392734554335,1.3121488782258108,1.6104430471354485,1.988839778192356,2.2572366153326566,1.115823275590221,1.1608443631561738,1.6560447654992034,1.5779132979456003,1.2397763789880771,1.8423387293399973,-2.3369008958033053
1.1236498348900334,0.7527138488742966,0.721084959529618,1.1285319548606008,2.9419958535261697,2.5269745866921656,1.91129289195,3.1417934483082814,0.4285096944555352,2.384840350672846,2.5291477302449183,1.2931572316266615,-2.3172663135381737
2.3678178991611945,0.4288469815888726,1.033768407269548,0.4117397454949556,0.6898250718729592,1.313003407137389,0.5125723772750362,0.7601784940572731,1.086151713753462,1.3867434212368686,2.3082400651058252,2.305773547453638,-2.3163939868903056
1.6002441489637282,1.0699347604224818,1.6725110498926818,2.7723313641278344,1.7214495346384928,0.7178798120626196,3.1177801666533957,1.1585861900140058,0.9257656300737804,2.0991776355639047,0.8057540305945942,2.3104784032054053,-2.313853703996736
1.7198021011646403,2.0309741323498987,1.0717769410642373,0.3251182170877368,0.45498750995390325,3.078895827614426,1.7764641302229114,2.0042722245150317,2.176798181168261,0.8547803968605883,2.217727538369935,2.4762513708466165,-2.346439272387846
0.4951776031417148,2.9270130649622454,0.48091560700287184,1.448287777403423,1.798772417876439,2.7601961891907663,1.9235216789479248,1.835200387091533,2.2334730894607695,2.7891206211750106,1.1895036807185686,1.8196942477784883,-2.3153305766395116
1.1297187824011758,1.708580569405859,1.3542189087922964,0.4916397037527555,0.5026008489912328,0.5698246130075182,0.8226256218555061,2.640031289139868,0.39098586710761685,1.6332214907605516,1.5106079743646548,2.4030479777832374,-2.3674106242008928
1.6889162142833245,3.014211550464053,1.6145966563383196,0.6110132565192561,2.487862164997856,0.6993337810081417,2.733755200660818,3.0529202501093526,2.3928638104410593,2.333721330209567,0.6966049133547737,3.1270557777806696,-2.3526329764975533
2.330257860878311,3.0234802499492526,2.010922184882371,0.6817279271155391,1.78927660947782,1.778402832746128,3.0545378243250996,2.716799022407233,2.564201070192656,0.6240072656258565,1.6117522300191278,0.4805671038369104,-2.3542292251197803
1.3073133732800104,2.8852913051417746,2.175329145205762,1.9854033719421469,3.087653727663866,0.8682323539286114,3.1307240001736436,3.1599989057633255,0.6244640428309305,2.1759463586973404,1.4497811978135182,1.5814829446507885,-2.3163434548368436
3.1257771839449124,0.6313836031070226,2.1046922024789314,1.762805058328882,2.3302606407376447,0.8383851656210861,1.1409695441361147,1.9578749560356778,1.2836092710700269,2.3165620821576107,1.3291449684757404,2.8787153846997686,-2.9777410370362447
0.647597118058058,1.3595252773875293,1.5002715661928063,1.0514997033882794,1.2421447540378774,0.8967509278997443,0.38323082705401845,2.242990975285209,1.1480087471059144,0.4005525242443644,2.7214181390309244,2.593538848664323,-2.3316660380430383
0.5659050582025508,0.3852340193553513,1.4583332599798613,2.1187689966622365,3.0741656366135626,1.1968197716727815,1.7280383712150307,1.028046895314614,1.3549018995462818,2.9149503641613768,2.28963820632691,0.554309733725938,-3.587946360492773
1.9475886633824213,3.045283141410136,1.1548017897899876,1.391074058389163,1.9902064927879655,2.4882042784505325,0.6570929311626699,1.27509432560818,2.4140949252720825,0.713992072483238,1.4060919209765375,1.0613819039029442,-2.329052491486863
1.3719052601330985,2.297022262735668,0.9826584510364123,2.1050422862146414,0.48035382314154407,0.3218603170374818,1.6416019964824917,0.7933688113232418,1.9658292604972472,2.1335500671633705,2.5912030009309,1.9648486377273606,-2.3188503123911857
2.480684420219875,1.92489722228798,1.5436077818358918,0.6059319054433442,0.5883325316334049,1.4770545869258798,0.5328874713467767,2.4802627888193483,1.5049975391987196,2.246075174612809,2.1634061925694685,1.1341401509328868,-2.344369640813586
1.3263754736084106,0.37309723973369313,1.5242598144182717,2.4817071799339225,2.052519169150725,0.6377056075286566,2.744460166028832,2.161550458728064,2.8844600766113233,2.5986524694976607,1.4470055743577837,1.3918595204996598,-3.7634930107793796
0.41110890601163363,2.662410685471078,0.7414941650606601,0.39297583885281967,1.009652324269455,2.8395792600326266,2.7467770254346915,2.922463468030868,2.0503252365914477,1.6937135842836974,1.477131942652466,2.6722749408764157,-2.3575777186625158
0.8152006516914068,1.8776631692631873,1.1705082449254818,2.467684261593999,2.7096188380072364,0.3252112905519035,1.8926734825122222,1.9722169804763252,1.4088440614076903,2.3785851225160313,2.7676791956984843,0.7828004095037912,-2.3215758872143426
3.0756326818271935,2.0739699686900943,1.2591909759100146,1.920878114416923,1.9287484405537159,0.714875791394447,2.1643863076375065,2.302058379485259,2.763410003601156,0.4721189431677229,1.5276032137360063,0.596925233346079,-2.322452476860909
0.5503239348111001,2.0630725385132496,0.6914243084635749,0.6864571703277309,1.6276852519981768,1.5535015248344897,1.1193821504528276,2.4149714512039915,1.9132357144955618,0.5649675896267581,0.5119884820043906,2.411024017526744,-2.3373062470470525
1.2018148771027315,2.0701823420233474,0.894528736272295,1.5892016561326925,1.3731023459527694,2.4669066997063647,0.7996203298915009,2.969993182841978,1.402892061201788,1.6594243115403946,1.6263395553812143,1.3106736105498504,-2.3657804695821105
1.443223235774832,2.9366828527821403,1.4443717222897132,1.480255993875261,1.2728155615732835,0.8106118248959132,2.4789469066020864,1.780181938102399,1.5019826957172433,1.6979797202302414,1.6574927016768681,3.1282453868626474,-2.3387374903507414
3.069678226260151,1.6003943576268296,2.2483071906821115,0.47517687381563445,1.045505415984263,0.6626121059449981,2.7287948540200606,3.1382417988735276,1.6194815897102834,1.9647191575953218,0.9724812955369426,2.426862943317813,-2.316833324745159
0.48490350421198813,2.461498020688131,2.23483912440458,1.087348601616421,0.6679900811659951,1.9572284779460412,1.2731609904335168,1.1485080634319136,0.7782100926696442,0.9398440190645198,2.4418843398094077,2.3330362310506705,-2.4000536911610135
1.4462842638673687,3.030176003706891,2.204303972233254,1.2716087553032906,1.7031870167592646,1.2673090493056052,1.1748186349437595,2.9780232195293657,1.3120282946127875,0.6991072906672793,2.462254961389624,2.347136704320339,-2.3466875889700143
1.254801680591169,1.4027621452665322,1.5519402929056163,1.4602961776497738,0.39104261433717546,1.0638541764636038,1.228892919232196,1.8446084842117556,3.0796872170698006,2.734874971057354,1.2632894083436272,2.007728475476975,-2.4142176924358125
2.4669272346209943,1.4702735946118222,1.4293690010955435,2.086923543078292,0.8226364209186847,0.3852934135239865,2.153868784162151,0.9026564614956623,1.4162258247528896,2.008635098005435,1.2875951231548142,2.096481739666436,-2.3231076885085162
1.8589400661281288,1.5035649295283162,0.7766879304538821,3.069855096414879,0.8891407923103474,2.453372179219899,1.4896079012969998,1.8970277097354724,3.027638871353083,2.730404436344191,1.3274574804072725,2.836363948083954,-2.330040308838268
0.921159123031319,0.7748520280320885,1.1322717919850886,0.36319986513407165,1.3209456656007188,2.9561383373243837,3.0103920578151286,2.1386349472395656,1.6700249233059605,1.1381153355932319,2.3962105201345496,2.07766537394161,-2.3644435243000226
1.4527903301932412,2.616815630339597,0.846837981786628,2.233351182685631,1.3329687851775118,0.8711667913687668,2.315442052493754,2.681703744562416,2.2181020009077144,1.6206182648900713,0.37801946497754146,2.1686515343181334,-2.3660772905220133
3.1283825287611666,1.1613442341421258,1.4917450677410728,0.5342503519116253,1.1838292002122537,2.3901116270933116,2.4741494346012765,2.740614367248839,1.636620732217464,1.9516180613453085,1.5830979195639827,2.436825996899801,-2.3349734104036846
2.3510117135578468,0.39944794127208405,1.2921252753975911,1.2435279579009748,2.184284971532556,1.747261170472706,1.4626756624288646,0.9692922375728648,2.241065940342342,2.169784659527711,1.7940162548808556,0.6509362343573197,-2.3933512874915968
0.6429644086809474,0.4659162037257708,1.6528218149841543,2.3531914298698227,2.4387101455511466,0.5227653319742547,2.7772784388266807,2.2538899305229685,2.839177292253623,2.286104232818221,1.0955511909062314,2.810344523059806,-3.517517196737331
0.3281066914494189,1.992461510192909,2.0572588390341706,2.9440372114934994,1.7793190074468817,1.3673173521779887,2.373071996056812,0.3583544247440424,1.9374347936256349,0.7488323628262478,2.6863493993485363,1.054000651378816,-2.3673129411066585
0.9486463104241003,1.0663630573419185,0.48675439044942864,2.64179057674231,2.9147056608055113,0.8184985137356517,2.398011181990514,1.867032885385725,0.7379802161078822,1.9217872273652519,0.4892098576061835,2.5614049714917897,-2.3135456023528334
0.9818768420306063,2.7751055037166124,1.6524020040012672,2.7042176694221545,3.1618731392068224,1.561684171351387,1.6120521996223869,0.9822378366031042,1.3039645541126175,1.807091870822292,2.2860761012385753,2.6765660574150467,-2.314138753874089
1.6465851567873018,2.8623969556514512,1.4012761318905915,1.1380692526812628,1.1777554629332434,2.4004239410572854,2.995863255644108,1.9058493807823504,1.5592875169429556,2.420108088378041,0.5255819778634793,0.411809107691648,-2.3601513134011443
2.653775363306668,2.457751549716316,1.2461530816414512,1.8614846530775182,0.4482905184652256,1.9901812469905782,0.48795226760780513,0.5535851156853173,1.3083706054031974,1.6773736188106285,1.0267423177778063,0.6278061290897101,-2.3467520458511504
1.5314365385510664,0.39650477903461195,2.1454281561174464,2.01228766583603,2.724382140730674,0.7725291515296058,1.4528735934358366,2.2418800718391516,1.3849438029996626,2.7060945477757707,2.372710195520495,2.775927933730638,-4.358589159442507
3.143504415865316,0.5833142113971539,1.5279639344549076,1.691772620052166,2.3733810314631985,0.9692291267943529,1.7649478991432406,2.371228772779273,2.646853238560375,1.2322760557136578,0.7784829040161029,1.040107092113764,-2.4942484366457647
0.3941667881114458,3.1190798547162757,1.4693383247103058,1.934278415584974,0.9137384847260064,0.784978913176579,0.522850381414004,2.914610040691104,0.7450579132108291,2.9404642065014945,1.1203074491620466,1.1063790121523223,-2.3338970143426714
1.4005737170635142,2.6662777812903515,1.79070536506409,3.0125947571787397,1.8921206367797625,0.443190024791292,0.869096250320643,2.998529628403826,1.244279020721714,2.112214291709712,0.63817277994322,2.4773651290945624,-2.337883281198999
3.047952031072812,2.94022799551283,0.5765990888888068,2.2413917076557204,0.9196725761997702,2.29342039133169,2.2284431518117045,1.0201528641707411,2.2469828429335523,1.5559157659992222,1.2092397189418198,0.7495423874886629,-2.3245557677439748
1.3941807558526822,0.41129039090368136,0.9400739144674861,3.031482822532127,2.7436010863638174,3.1268180458976547,2.346957236791525,0.7902646632399697,3.1552613345843583,1.2565529710770265,1.3970127438054756,2.6285329189535895,-2.483533606113463
0.8043660008141038,1.8724288219546568,1.4530151210681164,3.0058725308066525,1.1185719615243552,0.9714163031593854,2.569438644169278,0.6009775042433634,1.9704324880430388,2.183963307040545,1.562133942724859,1.4270409100527148,-2.3409240947446337
1.73408240005202,1.0361698831026969,0.4793925689741672,1.5318003574387438,1.0355029752764937,2.152325546244023,1.0364376394228345,3.079835460077475,1.9972584982760389,1.4415835791718927,2.5335462746418655,2.5557934137245226,-2.384310523256239
1.6694336784063977,0.4049034586965181,1.2096688452832949,2.7421382372127705,2.0376541331441445,1.3363751440797405,0.9855706950243364,0.9327622710197592,2.5337244966534533,2.0778908836589585,0.5800469558818757,1.5622433988107278,-3.2271089242017226
0.8225881912225164,1.247846271674172,1.7819302812830298,2.7100196614390684,0.9205522352003401,2.7510396172775597,1.7410992981181264,2.296295910908215,1.7641808249832593,1.1149070501689882,2.2480918245713144,0.8766001930581269,-2.328952410920221
1.341142717484818,2.104091782375917,1.9779929926279822,0.40621345476647897,1.0703653454663145,0.5557957830797995,1.394197878201391,1.2793117437692954,0.9316512485099677,0.6908318036680144,0.4144672436011786,0.5602645827509154,-2.3146910082695427
1.8653731838091139,2.510415423986645,2.2118018283072582,2.495426077594923,2.4984260891242873,1.9961320652741685,2.4918669248371077,1.323378257945659,1.491764342169341,1.2742875857367597,0.9767727581736465,1.9909039485606437,-2.3188162247631134
2.194945313372374,1.4959860005414634,1.0395037620713723,2.753328991949076,2.894200131627155,2.3480676284208735,0.9221879194083331,0.5571556894917541,2.353316720763134,1.649538335000487,2.19699888040997,3.030828288388402,-2.321104522650526
1.7592140939759628,0.5543240611955826,0.6982163377118804,1.9376663786858899,2.380202046659775,2.246463454360671,1.2426828650070727,1.1226630448147386,2.0009390022157203,0.5182680078740698,0.9181643918026374,0.6022980146848613,-2.3225529467674644
2.258403599095923,2.889529265816776,1.20011362243301,2.2824871725182194,0.8535543802797554,0.5452799115215656,0.6335674062394843,1.4651632016092555,0.46070866420669343,1.336811693827324,1.9638150916889434,3.1132895686510134,-2.334348073260844
2.2095413833184825,0.32149295967763464,0.45171419820606185,2.2009219559741355,0.6732027124362729,1.812681671440571,0.6187437945020482,1.059856951667937,1.9033762680076451,1.4074457030744847,1.058275017548644,1.6326504227116077,-2.314116433468292
2.7698322875827737,2.3654660069189943,1.9934180733696734,0.6144598003706634,2.187118838785381,1.6259996128881764,2.0909381389670623,1.3282361869303005,3.003357610058621,1.7482618161902264,1.6465475850482747,2.8696522157528275,-2.3169343450575273
2.2899512228661525,2.4801320645924463,1.6754558095267638,1.4362161654569139,0.630076600810537,3.029055162301293,0.9933136437034067,3.0087569925936686,3.127477626702555,1.4885985370386334,0.6223173006051081,1.083097510160847,-2.368047672425762
2.4465210742066703,0.7076117589263508,1.4466727937304735,1.3302883069893698,0.5733413208316049,1.9409856508546972,2.042106651877587,1.5284838134472234,0.9270898059922299,0.7714134855849237,2.126626683407796,0.37841442112537094,-2.366776461199316
1.5153924502413478,1.6736388594410303,1.5619174341898734,1.6216738495487433,0.8115036706324017,2.2541594764035344,1.1326090888481168,2.0959609543710256,2.929965892470753,2.881675798326013,2.2331971120956386,2.0925029905630894,-2.332987709614995
2.130629501064497,3.10799462388224,1.9114436498015928,0.48980039014447097,1.3512504458759829,2.7310692241793295,1.1318182230991032,2.1091703999056204,2.0769187587669364,1.4617906343933789,2.2542354406769887,0.5459570177922053,-2.359104491901238
2.3949567133607426,1.118566606366018,0.6711946262295669,2.97615567118614,3.139679696992843,1.1820307853893972,0.4602701188889037,1.3839597889332844,1.8691928445998642,2.773597395225404,2.3675846560937455,2.0387590482994864,-2.321071037739538
0.6116888019642501,1.6480500538386973,1.9950909719100327,0.4360870868638097,0.4931006793162419,2.7858652219154876,2.305110542066094,2.596624262126043,2.6911983120450675,1.5435120880752609,0.5939429321797579,1.9727182180763803,-2.3355794554146043
0.691879661298175,0.6579418687156254,0.9691735775763282,2.7866788546099945,0.7521742755094802,1.0305853788935913,0.6468464767672266,2.311614926749832,1.6829102895231733,2.583001261675122,2.5549327371879005,0.8813003226231124,-2.3299769857095693
0.36566937895507,0.3237936605946637,2.1237294632947497,1.422581896812398,0.6986288593801759,2.4075762947147874,1.76826293010098,1.206846006366808,0.7889824676336101,1.393367122597068,2.1168561149975664,1.664597073475866,-2.9555976351079214
0.6602252296140727,2.380163165683651,1.4025537478638141,2.5438484367325818,1.3599860605077685,2.953621507704187,0.997591901925593,2.4625583541381637,2.301824972009051,1.5584703836788343,0.892771880463354,0.6854627209626594,-2.3572253578748055
1.0961826014486562,2.620808287375866,0.6005986692825069,2.934781023259766,1.930984439426888,1.5085193256649312,3.043828720182965,0.9755518117962536,1.136530792577404,2.089970235048831,1.9606521785977462,1.5375606728634859,-2.322462215037938
2.2042415065331813,0.8725586800221803,1.3144083517976806,2.0636050870172937,1.8789688350207998,0.48069140747644323,0.8089300954940515,3.084267813512097,1.289150982715466,1.0653820388895423,2.772927056993936,1.887654503305605,-2.3256372157802914
2.085533306146352,1.256565559329484,1.4857270369919404,2.261678611741793,2.111157425299744,1.8435185543787578,2.393050011964126,0.41569485435847886,1.0650265917742041,1.4287364397527924,1.4559613650448944,2.3185639406497836,-2.3186066911750283
2.230707286598115,2.5121785533193726,0.9259862891148315,2.270041019755293,0.36195226084824883,0.6526558223743258,0.8273920056387811,1.4994398319827849,1.1622151256424265,1.1586246798676971,2.7050515760904914,1.7488882446152894,-2.3501053455397387
0.8129482338872922,0.6686975114993873,0.7816542768868471,0.3516710970339086,1.414878652115072,2.854982501432028,2.030702775812798,2.333754768080271,2.5651989982120664,1.8040849035800122,1.6716057091327508,2.2676280208888193,-2.324647210728889
1.1888732100718764,2.6593572969796466,1.2505970499193604,1.7273681678267054,1.5295279255863274,1.1294291599216715,1.1508929374632428,1.895306198704101,0.9078406904375478,0.7588942028404637,1.9684589361864389,2.235839863300854,-2.330659651910049
0.44056488074254485,1.056291972041694,0.6255464538261156,2.469451530004724,2.4304882045981584,2.105493163995193,2.8545198429630205,2.691158553928022,2.8627800593483412,2.323368969295255,2.73166220734813,2.421906133059354,-2.329747293141954
2.2181800232198685,1.7397428688299683,1.4973641750626712,1.0720365648634258,0.8037167743852975,1.4488420592960898,2.0335908951663493,2.1653307724316275,1.7590112003264182,1.7958071220251042,1.2295987987695671,1.7796267831474957,-2.3627016024943877
2.5529023007745644,2.3572027890386535,1.8423667404879775,0.6987819560908537,0.7746586072409241,2.742723455246561,2.2500222442777837,2.2662204976000635,1.074807229439541,2.8012554173437465,0.9384469639864628,1.0004857996005907,-2.3189565838962367
0.3972454784409203,0.5146755679448214,2.163993455915541,0.5929629075784628,2.9958322088714455,2.5761552145979576,1.198238556467344,2.118628899781666,2.612161802844264,2.6562503642218003,0.8686136525434056,1.6530198129530302,-3.0402342269418643
1.3630029775958807,0.4419057707541394,2.2201180497086597,3.0671625820543547,2.434821057577999,3.10032707367636,1.196447343776643,2.592875336542919,1.453506450140574,1.1974287741616738,1.5651380173545415,2.4943554544815343,-4.59505525066196
2.341417149277466,0.8363847736933359,0.6439271447350023,2.1777606539288703,2.549259899703907,3.092956449472259,2.4944140234825483,0.8414611980121836,2.4377233957099516,1.9103438140732973,1.358021409754853,0.7049791951116309,-2.3200375541217015
2.187948246033528,2.6142096230802925,1.5984004530701323,2.995441048336699,2.3570273803154924,3.109154886153899,0.6153089567300836,0.9189966292208378,1.4065091605553808,2.64524096423136,0.7028942982036455,1.489822578987198,-2.314361514648218
0.5929024977431555,2.0275828297065464,0.8389826686573267,1.6291021472436094,1.0512774635489799,0.8519827110786309,1.0663299170698255,2.4110353430188396,2.447335924940883,1.0113279456557456,2.6078903443546064,2.159723954749438,-2.339594862850746
3.0025931049621066,2.412738373448337,0.9484181338823763,0.932642219859759,1.1669529880502973,1.3606753288324476,1.095578588408199,2.4045116284265586,1.5781437248752073,1.3672480922622186,1.0912628727701896,1.6965514451384256,-2.3416467114022717
2.2809610743421986,2.8266305647484296,0.8826944576219744,1.95031916479326,2.9176735675653527,2.9699492966771923,1.1651984127943706,2.1232792204900126,0.811663498089594,0.5432299780908425,1.1782952622404959,2.5185537879112947,-2.3431106899326206
1.3843739838814968,3.026662908117782,1.347413472716952,2.5833242197369746,1.5750619182698538,1.8483816114518143,0.45352540885447457,1.0046109610452723,0.8210484649298526,0.5689716201653718,0.39816902462811016,2.8149422324455307,-2.3361116991491784
0.7088532384844575,1.2253691120948615,0.5410691714540807,2.827087860936806,0.9367570349184065,3.052571490024745,2.239837026628804,0.9635919301918019,0.9218206258847366,2.828601800839974,1.6054926128022775,2.440727603186077,-2.3910813070873704
3.0595604302540576,2.6359147677872325,1.0779565229724628,3.1239242847339233,2.4195452407147378,2.5058204653451606,0.9391422485510161,0.7378707385438786,3.094886784426604,1.9981564245601493,0.8035870538442627,1.5404052672786104,-2.3325250433022995
2.5876360021673133,2.081489836747448,1.1719146481348766,1.4090640542083852,0.3572693836446648,2.767472798799095,3.135888041096709,0.6711228257374113,2.5520562389343193,0.8640774547427528,1.4840166096104361,1.500622897219774,-2.3201921660690505
1.6952933793282874,1.544666385734453,1.5552041417507818,2.671877302838327,1.1045276352418953,1.9699724134158336,2.78973661756346,3.0295861760822658,0.3553535843137777,0.7423645340376903,0.987866606021248,0.4386982458950324,-2.3282157908213006
1.4328803882520709,1.547283388588838,0.44788334801371255,2.89205304781563,0.9112109785081164,1.6651186899820152,1.7821829521109378,1.0323074829893544,1.3818085862980196,2.7224543375055745,2.563455302484272,1.2825791998812606,-2.3515758615900957
1.0308070031618652,0.6705216214708927,2.073669869211278,0.43253339381825184,0.35153650705345696,1.615588125946178,1.8481488296037227,0.7717484752126464,2.639353749461441,1.0956845081827824,2.7177671081110644,0.8658868789159782,-2.315880937977752
2.4369286940967405,0.5645728288571642,0.9949586721052948,0.5237507409050363,1.6195505515753,1.3297691528061841,0.9638812155051575,0.8122083967672402,0.4733592421143006,1.4740052875702077,2.7851914395281616,1.9253245618933197,-2.348424512922332
1.2375874346793103,2.9916649613106028,1.2624119585453586,1.235039924777747,2.3910637090348064,1.2043088799061634,0.9682906014826151,0.34801074409726335,2.0581686590867627,0.4096366775905287,0.5268964944369897,0.5942772594412851,-2.3155917293730264
1.4420756067061147,2.3037604773456333,0.9878003906459458,3.0347381976261487,2.1452098459884503,1.1758874058191902,2.364361197205816,0.5800094454314837,0.881751828501548,2.276598896508224,1.7698104294800336,1.5594598877868302,-2.324324768939705
2.7996489737980657,3.050089170330077,1.4117145150171282,3.103112790947426,1.8730849879104479,0.40187066534866567,1.9088059534780155,2.0104718955010834,1.9340674428693945,0.35271726773068174,0.5143593305058353,2.165392337423709,-2.322383548327006
0.5714226184241682,0.5613502393120152,1.1444533783351913,1.9169976465809253,1.5004779677867217,0.7663325339621109,0.5296597436793784,1.6123584893526883,0.8654829407273144,0.49293917991631164,2.085374693260226,1.7531955322138868,-2.319661702458428
1.7472007702537264,2.396571882483142,1.2093089139324404,2.0272278772591465,3.034131249715347,2.580090221274962,3.103259169307176,1.9687671117223668,2.7340867034752003,2.7090490127181166,2.066379668316734,1.161341615977032,-2.3272895668452573
2.160588339767012,2.1786769937229185,0.6416713175027816,2.2485425233202494,2.830042881716938,1.6141014185366094,2.7122781740856095,1.22619284960874,1.451228005058574,1.1070102547125518,0.5966074920574199,0.3421960444268307,-2.346093357007348
2.512650476220987,1.5129019323287713,1.6313048713072777,1.449102281696272,0.5653048052305841,0.5823114261921092,0.865242867767049,3.0256902700535595,2.357248519977224,0.44509705510507025,1.6966088049973,1.8786758217522066,-2.3142288837860896
2.832483327760376,2.0920565021068263,1.0066584392140203,2.8208010040549243,1.9929942403419874,2.2015304706440157,2.1078289913026897,1.0934566035105373,0.5018142779866289,1.871213102610281,0.675029821516408,0.5425873569186941,-2.355355404335825
1.7045029923279107,2.272334445704565,2.2511762023935513,2.81154757121776,0.8250629752433942,1.4670044671381393,0.7263328941475318,2.2621086481573123,0.6073010333400153,1.0216185801061364,2.3848525257077307,1.9462669365309395,-2.3234595740798794
2.8962583930378845,1.3639125756220825,0.7825443070062672,2.09308809852991,1.1249043443333195,1.527715023751866,2.60650686998622,2.2776579663074488,1.92662000515393,1.9779820722172419,1.3323551759695051,1.0657701665649846,-2.3573961688679765
1.854241575313544,0.3380570957573523,1.4341927919589685,2.7488544203758227,2.3134650941361574,0.7430146557315773,0.4152581528120973,2.90760960708724,0.9905469769331734,0.3557929983962221,2.501530002063642,1.3967142641156163,-3.862439483617188
1.7883272859789547,1.5901102830200513,1.0926888319836776,0.6912668430026373,1.4383598793754258,1.287016083058257,1.1072199929153936,1.987070367104877,2.462516407714362,2.019498064153079,1.9239391066323914,0.9673503673118589,-2.351362043588633
1.0258115108551364,1.93037266316214,0.9005592542525775,0.8777011294716246,0.3314301610549179,1.7378547536208855,1.836769726848755,1.4184760907476732,2.48024475364473,1.1196720212288924,1.7835408625003035,2.794960687888745,-2.3614893065374365
2.71169071530055,1.6053383033602433,1.766126721753013,1.308656030390246,2.967177948209199,1.105168143624207,1.7580275273644175,0.7432239284630175,0.8726273032573442,0.6012131735929148,0.5325192753256548,0.5799035271189739,-2.3248039244433607
2.3091087094967744,2.4227088025576755,1.3509596986126657,1.799862586198346,3.1586013864229248,1.608422005547289,2.645155703156452,0.5361722143760611,3.1327881461181923,1.8727533175148812,1.460758660030479,1.5699084516501705,-2.316568741236001
3.1391902601052197,2.845829508877538,0.7661843358425449,2.8356794287289073,1.9222098110971808,0.920403673007202,1.8834541307094812,2.3032244991052933,1.0712745231769316,2.6977756316052712,2.667016951815664,2.2604642528334655,-2.3819723259914682
2.3179926826919646,0.4155541495133914,1.988252694792541,2.3366054978284168,2.181195198704646,1.4903888801057372,3.047389722742533,2.0550477443973927,1.715282080846514,1.2805264350033823,1.4325924809046626,1.642169161455568,-4.105952022517436
1.0659005351982378,0.45316196023844235,2.228701989200637,0.5514402141252137,2.844531194987326,0.9657709131898475,0.5450485033851995,1.6843609931184627,1.017866320068678,1.7267948529767856,1.9804670807046358,3.0730930894133963,-2.7813945957133397
2.150816784691522,2.0790943765751666,1.3949095284433373,0.9576387092883605,2.7651998459844793,2.4795482023863595,2.8288728611735117,0.8190946892650144,2.8999124746443834,0.5250224583118356,2.630176218047171,1.4332590056951457,-2.32147025167564
2.0441607255793843,1.5834606576086596,1.3842747342390247,2.9866894769726224,3.044123596010827,0.659898748993623,3.033559123618883,1.1519529949717775,3.0114740448817647,2.9640757060521894,2.1367188141549907,0.4348223986529593,-2.3197277721354665
1.8178065875364748,0.4980000051601578,1.4397655402342229,1.8401648613629231,2.3537762217111955,3.156872563654189,1.9828741025905525,1.0160380538226284,1.3410576827039178,1.8629976743172993,2.0556975122848935,1.9062229020817818,-2.450076397114941
1.481639502600662,0.6936604193381501,0.9169902533666408,2.3516033905892626,1.0003045810134927,0.6555465892695398,3.0911938767601885,0.43524838660757725,1.2340972549217593,0.8911086743369556,1.8722610832154927,1.0449293179625052,-2.315747960320343
2.0547977873813217,3.1319676375396854,0.45514889116766744,1.3270135871207602,0.6257185347601472,0.7751114439226404,3.1068472858958494,1.2543448387588287,1.1538964417376825,0.7925585487415161,0.36073893228301734,2.61972989774039,-2.317802562549276
1.102297675027129,2.3589141623433885,0.4734252539996808,0.45142546856968124,2.099556954138109,0.4986126136043174,2.988262918644071,1.8377261364584778,0.6458333691906677,0.7176079668776059,0.847398627228378,2.5469230142927692,-2.3314425925815843
2.077115991051625,1.817204960090017,1.8856321511212621,0.5559051645358074,1.7578898594294914,0.5606647583834348,2.9649247890930983,1.2512873122693589,0.8335749248686173,1.7431506571145698,1.4515056310145276,0.9720778649667703,-2.3184022061414233
2.485385799185755,0.31743241488814466,1.0057942010299223,3.143701342320301,1.0900536194787536,1.8852767157151769,1.0334615486933563,2.5220065935295115,2.149029001579946,1.5417240988589707,0.9118496821655109,2.7788701362564066,-2.813064803844623
2.4727601653212905,0.5207479558893714,0.8349148347375306,1.8940596365290474,1.2794125767225197,1.6780838047436932,2.313240461898228,0.6595175854258253,1.7929566412117532,0.9186715068772461,1.302857571425853,2.4305067193590753,-2.319542541924833
1.22801858894876,0.6368418243544853,2.1345367024759345,1.881054985092788,2.0885693875657294,1.855158648853535,1.936584779380608,1.5732946315674798,1.0632263806735391,0.9306204487336283,2.0321070649839523,2.420622502010867,-2.6683840616675467
0.9171241303176587,2.2345535147079314,2.0807668866247835,2.8011691157793797,1.3838445045134091,0.5224450277953017,1.4278412265133198,1.2221560298927192,1.8297118650656592,1.645667104248658,2.012614738878738,2.0650157810009326,-2.343614578127092
2.415420366649345,2.7691594884559954,1.5510226099330506,2.047228336042629,1.6752129349338407,2.807051394290171,3.0708683142502036,0.7843000044203032,1.7757620398823153,1.7974015517516397,1.2614045819132764,1.4620355335362771,-2.3229903795275595
1.5753743198178336,3.115602096849208,0.49936783822194275,3.1013620287069568,0.4260652046344088,2.3693116193348973,2.6107254937886304,1.365174203049134,2.3715933487508924,0.9810816442765898,1.9025564784771969,0.8172400849630093,-2.366855427043559
1.5372777719671573,2.453607358791624,0.8272856000556458,2.639007706398739,1.55558145921207,2.1821552318003055,0.536767658462344,2.808191739049463,0.569349204108665,1.6656941099917313,2.568227080896826,2.40842671330215,-2.3201350313274247
2.0105600107333377,1.919553345835184,1.6156132725868393,0.34354774342268607,1.633212808557353,0.6705136333785064,0.4163555455477737,0.7854612264144334,2.746911714178984,0.5309546481421208,1.594428744567241,1.2219493038129907,-2.3552585524108687
2.6593271876267663,0.49615204261973156,1.184687605464683,2.411397789637011,3.0268146420316575,2.6923967205501675,1.662973188968569,1.9528548134419406,0.5327295027053324,1.1684202480526054,2.60461454044805,1.92962406556308,-2.331906337934991
2.9369328578213842,2.6498611770670384,1.9430747505582353,0.8123849673993295,0.7207135949785857,1.0954189169015576,0.749228783372686,0.5288445093118983,1.3256457664704528,2.081871853563043,1.2262619123212462,1.0603539193020384,-2.3748159471479293
2.765113289508949,0.7384436213110288,1.2212139642642097,0.8007192752036996,1.937212559014369,1.0887036655170397,0.9053175530133106,0.3916868623907888,1.8584017685760517,0.9149603846393861,1.7896830032681275,2.967831360086087,-2.3134425093112196
1.825085261546708,1.8481023251708915,0.6832841133507126,1.0582336365444698,2.2027268038071925,1.476141920467396,1.313655863253039,0.9666190453643537,2.153718174953359,0.8252017995403913,1.4622237407677727,0.3405198387934337,-2.3395965535978265
0.8371260681974158,3.1395095526076147,1.7597292391721988,2.1272488686163395,0.437975512318543,0.5047168453572535,1.9886584647854646,0.8382056554639334,0.9505862679742298,1.2785572268650784,2.2213519282545557,2.8536310937143554,-2.357115876311397
0.9722225947906193,1.4072039609829345,0.680978378504896,3.027537163399163,0.9468760673154353,2.4041139405900624,0.6039602929003702,2.2855885463208967,0.6327334469355324,1.179669851389841,1.1504692080471624,2.5882594584241505,-2.33867070886309
2.609533519664354,0.3626629571692907,0.5183799721574693,2.009571996295469,0.8922028077395983,1.7935665263657268,0.8592042237497284,1.595526227363465,2.716492392928151,2.423916202343551,1.0470812966980145,2.753717218810401,-2.3309188688736917
2.385215639277208,0.503063442088193,2.0939108094077388,2.4031713070233063,0.8354711094694367,0.8877491287380308,0.7909820457156083,0.7680965880753661,1.463262632409831,2.181588090918354,1.9286318570531935,2.046145886519404,-2.643222786579896
0.66340639631514,3.054920677752518,0.7970138535866378,1.1331062699465846,1.0635610579424468,1.3470006652192963,2.7910187415104915,1.871508677639076,1.1210653777098316,1.7624090632964202,2.6575381960675024,2.3376138779788436,-2.382608796417216
0.45703743202816594,2.1348721981095813,0.6773272943024402,2.887487488164516,2.7614125775328797,2.5878714887074237,1.1849349067425656,1.2187559223020532,1.0962195661840404,0.7642176029797876,2.451185160511766,1.0940882297902688,-2.327608592840568
2.877779008396001,2.112525718662563,1.684005926700471,0.6258586086123177,3.1457268287242433,2.6672913056884577,1.7976360129392903,0.9591596429938021,3.070894215269173,2.3698005589788718,2.1757823622061387,0.8476074983676112,-2.318173451764766
2.5276560653231246,0.3423616979804128,1.7148437846288342,1.6533770445568736,2.16026726977685,2.8295342178026357,3.142495507337821,1.281750349515434,2.777720791547835,1.4034150616103438,2.280762437105707,2.988784481568872,-3.698198294149393
1.9411077837842932,2.9177717423129175,0.6021525810313731,0.5587559375174975,2.7013616454655978,1.0415160854199985,2.0549070856869056,0.504322940977024,3.039682370902929,1.9553808674144522,0.5615999784428253,1.6160086434968866,-2.322098825732465
0.6976585086785834,0.46073718169040334,2.0515196092135017,1.1072475813062161,1.8584672661137438,0.3630778039040342,0.4672464683809935,0.5554097011479802,0.6930580004467326,0.5050707641158567,1.8019314127046406,0.8553475955713963,-2.859017617265645
2.7579980888505484,1.0437314928988615,0.9043649181333746,1.4055123674869356,2.5894500579743203,1.2327169332481032,1.5920314068568062,2.70806041393039,2.0140339154607005,2.8053712381562477,2.4605799121696004,3.0179986423163703,-2.3253196903646436
1.938907077423509,2.0461700290251925,1.017716136070581,0.3367107432218956,1.1865031559814783,1.651017376765766,0.8016832891426511,0.4657875089711639,0.8781433390684681,1.333521542369227,2.0412984325659713,1.0313140280639213,-2.313245744448319
0.3471622172266344,1.2951268697372855,0.9220596195868545,0.7481526828869711,2.7885376503045194,0.857862935715269,1.4346247048687246,1.040121686841696,0.8538204676202144,0.4739499880741951,0.8846238832719915,0.6609631933965323,-2.3162620968890053
2.719059479494444,3.0380730840766303,0.7937567614915253,0.7059003854656316,2.2825134052399867,1.3519511777466096,2.2029339983065546,1.9323821681291997,2.5065958239657156,0.9985735661201721,1.6427073262530048,1.6198891911859215,-2.3378268090123666
0.9416393464106538,1.5276222747725596,1.176250005173176,0.8712039972035013,2.6566230830331863,2.641576276142382,1.9462140283973028,2.9345216010847017,2.7767217296606383,1.030702224458211,2.7638132738693475,1.0041730427578364,-2.3491655510425122
1.6319961446922506,2.6280415219781803,0.8195351215197303,2.339235077605678,2.07231865346781,2.59061432063334,0.9806491223434903,0.7395000350117842,0.8747222451005183,0.7777611528048778,1.5701690327174163,1.6677278653061687,-2.321567798031837
1.5624282015592288,0.9739000001060389,1.4983392303407093,1.285804875561339,2.6086049115535297,1.710637071595032,0.7114499465054668,0.972708464554279,1.0139417294728932,1.177724779737573,1.1083009601957445,1.6080992843034085,-2.33504255900074
0.840373902641518,2.376552228500947,2.1168871696789386,2.5325138182309934,2.8236205148623155,1.6435981241527566,2.379686914242201,2.6671031786269555,1.387177941836277,1.779008891874786,2.305030516101051,1.1041599264365578,-2.320231448073918
1.051617866321522,2.730490900222445,0.9495221184416636,0.9966893294919499,2.8476627611639973,2.637325577150955,2.04794314843481,1.435585892374991,0.7309499982778414,0.925534958981901,0.4020286487038492,1.9556508218843578,-2.3151047631626356
2.6176904898025706,1.4794062771994254,1.4360814452139967,0.8635533648770801,1.3662635139108112,3.1557873155781344,0.4205638771412065,2.8659674687573125,2.891897409192404,2.7279027674665253,1.1193377227492418,0.4173121326224696,-2.315093679724233
2.316765035002748,0.7693656652096102,1.481387387463593,1.8833880965290568,0.7307435059563943,0.9736953885213551,0.3792608949969991,2.3919064649618016,0.7235611704166928,1.1935054149048583,0.8346644095382019,0.9592496543291134,-2.3152634117157755
0.7755337085153138,1.711895953770345,1.8136832714653528,1.172718739276075,2.0596464396567855,0.9137704582669113,1.555971962009126,2.1275292755421233,0.8144796544453967,2.9659910320887812,2.0900308652635426,2.3405089036098254,-2.313984948273646
1.9170087719940576,2.6818322965250516,2.1523406493019315,2.2841231939962854,0.45750526577226064,2.897936034710812,2.476367597880228,2.779638618053131,1.3525746878385312,2.7530706978917516,0.8883638202637576,1.1077120036461983,-2.339063234030129
2.214703780446338,0.9579111892947076,1.8461933831771018,2.569828675405504,0.5044406542448167,1.8006873171318303,1.7622448718661856,1.3204541838557677,2.9915706024736726,2.047842204682045,1.837934156597092,1.1303482320062181,-2.3452175708734506
0.4288195055142136,1.723030284080589,0.5518000896337625,1.953601510672144,2.0777303545994186,1.7267570710406703,2.0126517904533747,2.8284558133409696,2.914012178825359,2.473323921976764,2.560672768374464,0.6502603500882745,-2.3247264582248386
2.869235513832,2.5165817340947565,1.3106476278076704,3.0456240198086273,2.330611341246477,1.4705613261116128,2.8476718364859606,0.3619602623515741,0.6112046698393518,1.4010389749579384,0.48482134026622686,0.796193309826091,-2.3287140447483248
1.192421043609016,1.6525079278136083,1.318639889312691,1.2279654019213215,1.4726909357676694,3.148577354137199,1.6937250141988829,1.0802015988669262,1.484096158181571,2.6615500964456924,2.3588548104172364,2.1534351145082735,-2.384596379112064
0.5282481731415322,0.8758681732789735,0.5449605496821426,2.4571831417526906,2.8603053365989837,2.53604770493938,0.5993315594490833,1.1311851923451184,0.8083431088515943,2.4804064295474824,1.1729469132964347,0.8604316394508877,-2.3240890381319894
1.7914539366554862,2.1174775375665953,0.7091556434483766,2.114023346026919,2.6344943800295737,2.0922843882700612,0.5656928036639253,1.3021504252036056,1.6393974436835301,1.6371527304261189,1.133758679257338,1.527512288109493,-2.330439234216785
2.828881408193472,2.025333788158986,0.9526943063330868,2.5158228176228614,0.8575924500278198,1.676123091102906,1.39716769732909,2.6735236459421414,2.548369123559669,2.8655406122445166,1.9900884806341776,0.8869367083276789,-2.3319846484697018
3.026664758893598,0.540139628540159,2.1573174862931115,2.579428606555216,3.062788726819804,1.4402719609728827,1.9627135563531326,0.42471504234928426,0.9050116435391826,0.5765031463267074,1.5761209133585175,1.7313485925939391,-3.944918694957879
2.8769286986166613,1.3897539966624728,0.567143134236695,0.7455394453256974,2.790483568217643,2.4094633986507863,0.8819292348008243,1.226346922184448,2.4747341376988996,0.6840939134700199,2.436994788285886,1.5944181584080421,-2.332403364101761
2.1650911123885987,0.7394124518466441,0.8006397575526281,2.5030691696320244,1.1816651830127842,2.1691584446056043,1.370145390312872,0.6066924048700696,0.445758700568153,1.7455842209631653,2.0751154755224857,3.0587455137466284,-2.32237213425988
0.36802356562923727,0.4496721197795618,2.2318158991715036,1.6962812829255896,1.8335767320741612,0.5090273892880339,1.5722057419441788,3.090741858827339,1.7968658796292023,2.136328944205964,0.7367828859010457,2.224247509783779,-3.867681051170703
1.2861303462217677,0.9813166155162116,0.5718638250097775,0.8549281012594969,1.4392671634965684,1.918517416788588,0.8314423530897936,0.37598704580400377,2.4398595239987415,2.563371681671039,2.267603113310734,1.3683348040934318,-2.3133400895113225
2.622365818042503,0.9664831210279572,1.3720878940874512,1.8476908033792527,2.010130650712562,1.3853236627541603,0.32575035756306164,1.3195451175195596,2.274349660938121,2.5950499065125108,2.292924611852849,0.31853518287701676,-2.3298006416055594
2.4182871140926103,2.0586090458678585,1.6673548405841758,1.9934140532732378,2.0671953265234553,2.72847674297142,2.0938569279008314,0.6643033101331627,1.954316092092208,0.8686736425502583,1.542651908505086,1.5069821119188718,-2.316026409205752
1.3788631005819818,2.464446668282351,1.9625115483740787,3.15527151964523,0.9668011522935074,0.6300373783855173,1.029246848020399,1.7752204099832507,1.8022343993619983,2.116184827878387,1.7607173537608862,1.9870129432777592,-2.3359464119915376
2.4956955712295152,0.8123119229665695,1.5203355148775586,0.5749192191188482,0.7258173496279567,2.126426748196783,1.1621845292483814,0.8955760108845152,3.031186646308889,0.4306463394355438,2.432482166559939,1.5193470061395462,-2.362080700494949
1.6332255037936032,0.4696797284123657,0.8771166874821414,3.0378654753109497,0.7588573044515383,1.4315575128103524,1.2022364816524334,1.7008708885244086,1.4758356372934927,1.435294339780066,2.096469801869373,1.0233000911779129,-2.316176293289677
1.7639358724513508,1.3245893588003819,1.197040613600294,1.4172444875015595,2.3623201298665566,2.669164677436273,2.176477616396299,0.8541152916939712,3.1419024897360286,2.517138164568861,0.6025264394529911,0.9074833676662324,-2.3218466155902098
3.10661499025257,1.0015480726707149,0.4607813578632435,1.788585862547445,2.958866555080605,1.3911569048330887,2.6119054868838614,0.6095306546804043,2.893327659633449,0.5656052690395462,1.2011861588362105,0.40620448326167247,-2.3279866168758074
0.5012514573217705,1.0910188242386099,2.090108373871673,2.6332950699495714,0.6336369611948818,2.2733864637067223,1.01776493692111,0.42003594036914577,2.858918963797157,0.6273343709924103,2.71110527339657,2.2113424060220686,-2.3358260580341867
0.5164859281928328,1.0936205830002868,1.991053353416308,1.097205744886554,2.2802756820910135,2.994567096198209,0.5519376482848436,1.043920097007647,2.799148140076528,0.9869763000596045,1.4155634852481898,2.838243058901083,-2.3157901669444194
3.073055162550022,2.5479930369794306,0.7535608682674121,2.311751384278642,2.4536522932535263,0.7295112361561381,0.5787760486539506,1.0100224524319004,2.592304666845796,0.6894134713360034,1.031695097828005,1.0811955118703187,-2.3426324645648746
2.7368115439285075,1.7750083390541609,1.3037631720743186,1.5080828087241758,0.3566444958726502,0.9887516178113562,2.943517697595861,1.502055108897582,1.830444454954397,2.1988755867615217,1.6862400836400084,2.384971856180295,-2.3590103137177754
1.6215575821888355,1.8321665183476183,1.8443722205258763,2.389287287652741,1.3751628104275344,0.5734334303724764,1.4243774531874855,1.920781582405176,2.833392737826984,1.4956651604469446,2.338482845259578,0.82828139313072,-2.3266664459119686
0.38633808374914974,1.2515185390989427,0.6480681813845317,0.37767524357519366,1.2222449695306914,2.0392459140540193,1.9406441101938474,0.4737160521462975,0.9459884376289134,2.2182106583419516,0.7876125058938186,2.9647624200951332,-2.3729226592670303
2.7035872495357056,0.43748082934214516,1.8057006346096611,2.71985143619761,1.9337373870179966,2.647113003211468,2.8099023856212826,0.9566981755170645,1.977984274283014,2.167454454534145,2.570524313168727,0.4354151528421901,-3.461436853951242
1.6981934170934674,0.34777784469886885,0.5467984599568252,1.9002677548324747,1.6387442547191888,2.174876662034669,2.274775872387886,1.2616761658159048,2.6238588763898356,2.2820521114117,1.654726234164448,2.1133904958636056,-2.3352961835506107
1.9046486076953542,1.449831716121451,1.7350297194531423,1.7457542355285747,1.5416963248047109,1.1669739122284675,1.2167326788102386,1.368437755379567,2.9664706520259814,1.4261299853622562,0.540901816458023,0.6563392136508419,-2.3340353578224926
1.611107544228187,2.9712086145031797,1.415423348305837,2.051615645311362,1.7191095806582901,2.7027065334466522,0.9762660617985188,1.6258960087361183,2.004672730482953,1.3972837420699646,1.4878727370181377,2.908930436119233,-2.3394313063310253
2.947411636627079,1.7067057023386132,0.5307633983890186,0.9430040690632635,1.0792747919974923,2.244513212901445,1.521594709898002,2.8737730276526365,2.202074737210257,0.6570063808846835,0.8579761632984144,2.059103824504135,-2.3201338980148054
1.2830356523131292,3.060343373377226,1.6385629995264595,0.49549756790470445,2.135344514342729,1.7560985018573851,1.5406198658304715,0.3434871191684683,1.2312149701248079,1.934852470568236,2.7503527869390547,1.384320335387047,-2.3130279746974156
2.575263335948396,0.7922705890862042,1.149341441242815,2.866485666444648,1.4868817533076,1.8761814803201518,2.872739606138769,2.7597854928078793,0.9511817630204682,0.6031751017243396,2.3334943612968155,2.1625464222337203,-2.3215221320043105
2.750226441328956,0.6029504049079415,1.9747438251253908,2.841429255363329,2.227961524939509,2.450844384890386,3.1247573170601943,2.5761888518603784,0.9581069494256194,1.7307991936850249,2.5311332422748842,2.1883261216096423,-2.9377373559898015
0.8294081598260261,1.6914148312570965,0.8094453808978372,0.8985772276512283,2.1075117480747383,2.2044704826349495,0.838963552356458,1.1175440333739528,2.5615384737133313,1.1229010456847175,1.8533825200140552,2.5761030002189855,-2.329205917086169
1.615403298633396,1.0834468728557214,0.8923749402763597,0.42905826091009946,2.258866964093812,1.010642047296731,1.2476042262421818,0.6882910272877487,2.1317887676216545,1.1253923751341732,1.2541831600914806,2.923536241393713,-2.3544101044760457
0.6503897739851892,2.9973118336696327,0.9198269102438764,3.0980384294805074,1.5872747432799283,0.39400132493433654,1.2858202946848445,2.2098426898460612,0.9928595959152093,2.9476358982085946,1.0170161668848239,1.9309138440200537,-2.318891503999644
3.0137463647859892,0.7209653580516352,1.1689304113788144,0.6488463290777995,2.7188558976691795,3.040062398789135,0.8730341623662623,1.1782872673822482,2.09157861980065,1.0417664650667633,1.536657200787624,3.0526231397840724,-2.325052687556633
0.6801413103305721,0.426997632883976,0.6066916111559394,0.9991168154181473,1.6722830893573,1.0725350256942645,2.3558633083890146,2.8146221522630195,0.3913950451983967,1.262875177776014,0.5863897719168745,2.502851039528285,-2.3238220362647968
1.5132074891592944,0.828888604216917,1.090125243369583,1.06472765391606,0.6359773058412894,2.442087260761622,2.0451944311269807,1.2681401152823295,3.147708164479547,2.153873941798173,1.465211738933931,2.9205823603152723,-2.377811660808329
1.0490423464323706,0.3567054013609933,1.4324111581485321,2.5897196508311446,1.404539164735634,2.425502908399656,2.6688203469747576,2.9586571889243145,2.570779781072977,1.3407652293719332,2.558990208684754,1.2670298374154834,-3.0244049892088785
2.9423360603033695,1.4948901396675829,2.0476618112984233,1.8097088561242156,2.3471098085668296,2.365113246524634,2.8023835516840414,2.044526110349988,1.5960170433795355,1.216648861868064,0.7552969596714387,1.9215253376265828,-2.314356453802524
1.3484021588087223,1.8080271543398472,2.224901563853492,1.3261300711032022,2.0693742319991113,0.6857509705438645,1.4391466585814867,2.370646051299171,2.401684057837221,2.8578977511665427,1.8059092815841573,1.7183079415858706,-2.3272723247329794
3.010972396055203,2.0152834033246636,0.46470028712161215,0.5761283991327857,1.2161040234429157,0.3793216262403031,2.8495537539477054,2.6179974419024683,2.1460565973430494,2.7718283091420233,2.115967766392827,2.1166306289202255,-2.3384711246142316
0.8681501199007498,1.7317280497664425,0.5093046440593761,2.3003137273791427,1.6874230827870946,0.36436026991612414,1.8435830267676876,2.0560787495967094,1.154434566734333,2.1904832599993886,1.9323525635697398,2.2873602714446,-2.3377371407969174
2.3908688261816233,0.42119651037728845,1.7791256116432932,2.166199767388257,2.506433898708449,0.9565665549314701,2.000942093213845,1.1901392290083974,3.157150259152844,2.3287948416417024,0.9799587383071955,3.1005936103058085,-4.055852926757849
1.148615471274364,0.843380852817172,0.6073831333832149,1.196546114547647,2.1043509198989176,0.6114271260654314,1.104076437823722,2.8467801411935194,3.089968515191982,0.8286086276685675,0.9556767909706301,1.226448174994075,-2.347845788484923
1.8458988113487111,2.9299631052217294,1.9407309455712305,1.2773685262661298,0.9577682591645469,2.1206453188212064,0.4105932676428201,0.58711106091512,2.142615936579627,2.1526801642393902,1.1853512836083484,2.32583432339138,-2.3547447144992435
2.798378171522386,2.8838376446036924,1.161864183111511,0.38691872101233615,0.43492974064914225,0.6759001407779519,2.3362315657579256,0.6328726109375691,1.0296750938393813,1.1108730331993013,1.5397167452340363,1.326587441227893,-2.3207261063385207
1.3753555889373752,1.4614403074552766,1.6648002763568663,2.7771269249261237,0.9558925593671648,1.9723954122613923,2.6216246794265046,2.513761062408623,2.924032943033392,1.149067380096307,0.8982818021812355,1.127568197398384,-2.329053744684314
2.116403996964933,2.0457447497436614,1.6013128754784327,2.2443906867840573,0.7146137841699525,1.4374101950224352,1.4366922663331412,1.4211571562070597,1.438940744391901,0.8262450182396287,0.3687968688048712,1.2466317629815984,-2.3527576112365383
1.9682736036983057,2.537651835633097,2.119718402586433,1.66010136063859,3.0763556627344473,1.1458688681342113,1.544951576282557,1.5159206332587258,1.9317192712588342,0.9726447396544399,1.8206467639356747,1.1159139802394513,-2.3149362345166895
2.321372170992837,0.37621053429244444,1.7699881152117718,1.56541797236641,1.58295957846374,2.1346775338229587,2.020143131999755,0.42960307672740344,1.0439687200234984,1.9402361641907406,0.7386942541512194,2.703427152687784,-3.6429464810140644
1.8859257753967658,2.5199147989459902,0.8729190659861596,0.4816106221892877,0.6810015395167491,0.9016282435001817,0.5723225388708245,0.4398255528435422,1.6010941721438259,1.226738569768039,1.735949342678741,2.7889054870281065,-2.355353343331215
1.3598446710331091,1.678611278297581,1.4673543001686735,3.000066160511488,2.7413015508349234,2.352103298404715,2.5547572789332906,0.47979451496505665,1.258499796949916,1.6236280649683033,1.2519234283496536,2.886429535459388,-2.3171193742389087
2.125760476242463,1.6294267795111834,0.6161558052128514,2.399630348880578,1.141356576439943,2.944245647368236,1.6478687465022899,1.071148454321623,0.3236289183732638,2.216028076450904,1.3788640408898074,1.2081435212892733,-2.3156404171508678
1.4642871954319123,2.3463712247455906,0.5344623872214035,2.1334649120145253,2.7060667534803415,2.1113479991658886,1.001878899542541,2.654322399458017,0.3737692626627251,0.7394170855159612,2.5767055643727597,1.7485385554078103,-2.341946696021463
1.261476341791244,0.9032473064441351,0.5976601578985352,1.5749517742009953,0.5626230871632346,0.6279583802368854,1.5533153581554173,1.603419723954084,3.0915347089317353,0.7347655403961733,2.2555178875806234,0.8255542001111478,-2.388467119371847
3.148825282553694,2.4759713427966132,2.039998767864012,2.623218520337792,0.863494695242214,2.571345491676555,1.6038903665218693,2.769613531319062,1.6461347515760174,2.066552885221384,1.8739196365394253,2.2026554808651757,-2.3292809984737706
3.0919988411772628,2.28835911870323,0.9080061345813047,1.4532679995506355,1.2031730522301858,0.5013251846849343,0.6017624398272641,0.7169807606598647,0.5299416369765264,0.42225617558341466,0.9961089961880845,0.6077544430975745,-2.3292947317455726
2.2255023964101457,1.920667880194414,1.6069729291482953,2.4870062716018166,0.38254534643010785,2.3978668165928223,1.4091540485390237,2.703879333570933,1.4824970704970597,0.37561451664401424,2.4137375663972125,2.2547144636758234,-2.366062251770477
2.5460916919996244,2.388803618770016,0.8055733318364386,1.5679624524253248,0.9800156273069993,2.4227957054841474,0.8196675576820027,0.37535802281507874,2.6113961839538358,2.4067352156356767,0.6682506184366945,0.9409740724126252,-2.3528197875710326
2.8976239239195207,0.9996867621186001,0.8837535974041455,2.817767792864373,3.017377660473171,2.877173593826824,1.4303288315205187,0.647540274668313,0.5944632435000943,1.4765454930877213,0.7616480282759177,2.1437181470964104,-2.3269683802125907
0.7960656279618579,3.1277406993684487,1.1342625268948183,2.2119160537340328,1.0757045150271636,2.992039350419495,2.577607134147736,2.3636366621459985,0.893396294661005,2.540830503959411,0.7976823388520654,1.9983174002316721,-2.349683570915999
2.2878474132144455,0.35278532526912976,1.0245945053496313,2.1845604064353914,2.317809335139648,1.211342299250319,2.921298950367747,2.5571121059929482,1.3578736826266737,2.6917800297528442,1.4173075289559287,0.9800727831668583,-2.700877501567764
0.4857650363910371,2.8413616995299256,1.724976900891757,0.5811269933304816,1.6831712350847907,0.692032275977054,1.1821280042028175,1.8075483729564137,1.509702233896938,1.216019051481065,0.8244138180215625,3.14990694390422,-2.350112006705341
1.320044303575971,1.6554917105896754,1.6230898778089122,2.0715047081322004,2.1309860633605684,3.0160307979417977,2.4963655955405457,0.6227460913144731,3.0292001566892757,1.6737004057048943,0.8733520374567845,2.6942435847995068,-2.3135843787461052
2.7401262421603545,1.6444695473470552,0.8135314838450167,2.5842534193447504,2.988020979227351,0.6964648352100684,2.7067262780307475,2.414009722614678,1.7789427735705343,2.8163579623887687,1.89112986559228,0.48789578033234504,-2.379310235055368
1.6851936255810662,2.742491859422281,2.1274546853380936,1.1822756106911307,2.80142631364402,0.7268369453667435,1.5502130009344501,0.8550833203280608,2.7455163649948977,1.6820880888830447,1.2807210966259375,1.4020464933859278,-2.319772062093532
2.402655969811172,2.5551139289907,0.4959774065889179,0.8952621180442422,2.676145621145012,1.5000959861178687,2.165206993709961,1.751701376434441,0.7622067464847011,2.8622065701893282,0.8141787746080675,3.1180713483903393,-2.3584132254334533
1.9669782177279787,0.45550790466659297,1.324498911715839,1.0837315352632053,3.096774927260143,2.301334870159777,0.8724533921620026,2.896527139546156,2.4251877698861968,0.909766066576329,0.44032223278471705,0.904908216366721,-2.8817348844315047
3.0065794784434923,0.33034128832960813,1.2252494290061549,1.941156678842143,2.269471043308381,1.435114266985769,2.9080089373131117,0.4414206668840475,1.445014727910246,2.56379573212552,2.7020634954112834,2.9389378796398797,-2.9083227158846174
2.5344418255752688,1.9159110240547692,2.077995247149074,1.5132114640670575,1.0960457400139851,2.8475944723167146,1.8010330828691286,2.877850046313786,2.6434440180501153,2.657684529688466,2.207155947879938,2.9525827477172633,-2.343186811330757
2.1849667476433154,1.3026617763952246,1.982917703699816,1.1522709072198216,3.0090071939485896,2.8815966008526304,2.319245227606848,0.41770544583169134,0.6593771472527874,0.550034675171275,1.9221986861715619,1.5335596341289044,-2.317255382569007
1.9427228592389691,0.3904730207545116,1.9156718278239713,2.043051256013796,2.564316674620487,2.8582771336500308,1.6156804729335819,3.04917976746108,0.7199685167630634,0.9560789702804793,2.4167396508318424,1.6260995210854043,-4.040085999745817
2.4073095421406983,3.0706481402781454,1.1154045607275644,2.4340825090672724,0.8885096624964346,1.931124047665266,2.4399565257780775,1.1167232947887953,1.5863397826682903,2.255588517322189,2.1717232063334677,1.241523440151944,-2.390537805581694
2.1005237150156884,0.6892376767373174,0.9639800152246483,1.2536390970333637,0.5168046472188388,0.5493183657951907,2.6819825168524445,1.93850640466768,2.208494969333236,0.5142468518071769,1.0089402594250492,1.8914671968427677,-2.3414308797976204
1.6526915816044074,2.3526110939899354,0.9449104593269826,2.765838564767693,3.0912993079228985,2.1030581356265836,1.7734759858288478,2.0114430882074825,2.8752102542437123,0.6773377976274518,0.6488997197227844,2.3723801821714052,-2.3179422305306367
0.34231003879410554,1.033820855891307,1.8306374074873983,1.9786539911194483,1.147154979745394,0.9797339555066804,2.9277754403606244,0.4508713267431089,0.9153708647755374,1.6436476380442067,1.912203267536107,1.578518684154914,-2.312746348219344
1.1463232302258934,1.1974613642984624,0.6764394067686894,1.918489003748713,1.0385281574597476,1.7976864593361144,2.634713280290024,0.6404497402162135,1.616219575328538,1.207666233814325,0.48362080836611177,3.0222121415407783,-2.3208261566852704
0.744932096809261,1.5720072088573664,0.8288478916141738,1.9653712561592038,1.8388167539306395,2.511605053492261,1.8650748943401643,2.3211721230025733,2.9350473472826386,0.5829622473276652,0.8528295357371977,0.6780163478836458,-2.318685962974739
2.754175190553726,2.6936443548531477,1.607494221379568,1.0275416536332938,1.9066206160253327,1.8391194291291408,1.9786382248204173,1.2853953470345107,0.5129223269359879,0.4662664161386297,2.4271464707137773,1.823678711600437,-2.3319689145811986
1.0429482440252291,2.2435901928100077,1.1794464705457595,1.0069060196774329,0.521036256460814,2.55224166516305,0.9157909444908723,2.6993723324156313,0.9703184003051026,0.45386698128727254,1.6763395894732576,0.7334971596617563,-2.355667619591067
2.592593889298652,2.901159802888893,1.1138845284283012,1.8253439591077407,0.4388494035145327,1.0376184383977027,1.4954116671432331,0.39748221169091635,3.0530786988607055,0.8419963060112527,0.6712604336820607,2.222347566582494,-2.353741164420598
0.7982635044507913,3.0812250311580507,0.6040989754824261,1.973870473171958,2.1248141951791557,1.4145296151200124,0.7102390742040912,1.5840119821995045,0.6756752196356792,1.2523102276023903,2.6619522178136408,2.217732351070454,-2.3145422643221
1.975943998627927,2.369818904183123,0.4768361955071372,2.2764130111553276,0.4048762336066837,1.1773633091194042,0.79316192443498,1.1452911321641994,3.0989005002512076,0.5991111016918332,2.1667677579671327,0.9551231332524974,-2.3382567905168226
1.2662985889140763,2.9743781346853058,2.1861547817044578,0.6323162515503086,2.031430227730624,0.5687438862450669,0.9440368381227371,2.5442385086714365,1.300226719670531,1.508524794733067,1.0805425085013884,3.026860428400752,-2.3414698309691024
1.533427166240372,2.869185023941479,2.0421134214652312,1.5009709379303646,0.7955512458185057,2.0778256378580173,1.0932283487128072,1.0366563467612568,0.7281309749992513,1.8023096247205042,1.1977423100634077,0.3867543002170425,-2.3655013275081163
2.4917389647001404,1.2811066295302314,1.7642325309331768,1.4748657693504625,0.8421693439869606,1.1948298330460048,3.1331766519074455,0.3379027114814705,0.4644790106221377,2.0246193273369193,1.3914849964455152,0.3273047718634939,-2.4020979108197587
2.7889734636054904,1.1696118986797013,0.722324068790545,1.1226931949907288,0.3351570950688833,2.7141238912191,1.5065378827432723,0.8071699780876525,0.7696934991786403,2.458796007935809,1.4398205716483388,2.7253329561532773,-2.3604079811124734
1.8302563035095891,2.7437912810052305,0.5473378964053843,2.8635086388509468,2.3062743403739643,1.7647121625347897,2.516018175148423,2.891447466050658,0.7567889770614711,2.5013729531054176,0.7997379865437626,2.305116470099885,-2.345307373599667
0.8171753233319772,2.373104972807375,0.5548122152795122,2.0220275133113867,0.9353999591707332,1.7114082403797082,2.931570369462611,0.9275893367221164,2.063350094852509,1.6550553505188472,1.1466504968288067,0.38002300039835285,-2.361426959925464
2.771470687687521,2.9338952695300686,0.6496643095437662,1.913937677900148,0.3742404861864028,2.626765616966924,2.7824081259381175,1.3766394493179748,1.575648327723356,1.7212242196701717,2.508077132759825,1.9441999586202783,-2.317897989398141
1.2520464320057638,0.5865861659820137,1.5704811638990277,1.6254265843792988,0.5851628584883957,2.8232975142972725,2.456312555733893,0.9869663495403052,1.6314138039690975,2.9243677107037875,2.276934783707336,2.605671999373675,-2.3145888114088535
1.1377005821083357,2.190733537655638,0.8426017368889482,1.9044738042291691,0.4176888083325759,1.4481387696781622,0.5921862045535964,1.99199341240228,2.853870104634291,0.34161314906435863,0.765653255885163,0.8124011577786554,-2.3384241308119504
0.9065437113973922,1.26368816883032,1.8590160965742715,2.4549942606686597,0.8401301544887849,1.0574090217869336,2.141219049531823,2.547100663214114,0.7042061473570491,0.7762734961586797,2.0945837983732574,1.6437457467094756,-2.3180276737307914
2.360925664653321,1.782237300323244,2.036822852375873,2.1485575458227477,2.2860885687347485,3.1328113509290065,2.206425211779965,1.8571175991010531,2.3317350652624427,1.5773531709694117,2.073285610916312,2.2819406890929197,-2.323361246565461
1.0762173256407468,2.821592438216941,1.4214589936513486,2.9017129552842826,2.9100289190069324,2.096211513718587,0.6202028088154483,1.3575029951630972,2.983501093941601,0.3377619164518022,0.9341314011676332,2.050497865192579,-2.3232498752647173
0.7426953255752367,2.529712505739533,1.1473632078773306,0.7653115758555173,2.018290308753474,1.1175460140568658,1.1550230529792325,0.41147914220527293,2.947909200410381,2.899810092604829,1.1694222625276582,1.7253036027667799,-2.3331371959878626
1.8886861798767687,3.0312956073493957,1.3019832998179153,1.1886849062766287,0.7056985465975861,1.763402769340053,0.69509131913754,3.147391404256434,1.8004184970394717,2.2690633468776804,1.4223421376001892,1.36048212206851,-2.3270168384950627
2.727835480932631,2.5019408251338024,1.4604853511015374,0.9731625664828811,1.3964535581886452,2.393891212208403,2.5343717648189705,2.883173078083175,2.0735870236470717,2.8371955257582115,1.692618519537541,2.4921427675983905,-2.3348178543086657
1.198053494115491,1.3456918730365681,1.533938584509067,2.6682965132713212,1.219602362447919,2.0362635207132085,1.8182576239933994,3.118910304826564,0.8847430260118365,1.05877349592712,1.7399876649710155,1.1918995171162914,-2.332018170494743
0.4996601023547882,1.171989051773069,1.3311502513182754,1.1019990830267103,1.8828515272764534,2.113888675641208,1.700451998530905,2.735642239484207,3.0180092352765286,1.484561882285746,2.4467055592968068,0.3889023175175865,-2.341738927818954
2.3874553566620333,2.718914687555768,0.8980078899058677,1.1916661234718016,1.7147959739112668,2.561747951008074,1.4570189341365423,2.669978170163975,0.7030833499948101,1.0266089560211842,2.003053802132699,2.0415849644991955,-2.3386286793040894
3.044055727155285,1.0386873951184326,0.8029711088640099,0.5495406461925654,2.7781911646446975,1.6569818527022426,2.870433055089236,1.6187188414183844,1.6849263426684513,2.0515070807502847,1.4449450164062594,1.8362129351800096,-2.3173336508653546
1.838002593339031,1.7601747878779934,1.1163004236683804,2.788939699984979,0.471556362731009,2.7998404418433913,1.802965015433498,1.740922588240205,1.1082395942870826,1.6142545439857805,2.684780659688152,1.4645319688521123,-2.3441169374625157
2.6266967905545173,1.5103290321824652,1.94239424095779,1.8139096712135954,2.7498369692315743,2.5665931154385535,2.5206533667017266,2.0254461940661113,2.0163027066856816,1.8885567636312108,1.7930003141990538,1.8570848598460774,-2.3139349439385066
0.6889092957658121,0.717946495557606,1.8739381931676498,0.44601352266289523,0.5721479473939697,1.2854607556043518,0.9285126259538474,1.6587313629407339,0.6775814894971022,2.140747087475909,2.3774720091695203,1.5739609277266797,-2.3192610713748034
2.670907194362922,2.787404950280913,1.070051732841526,0.6362242519547825,2.2524325172612785,3.116612772297126,2.63886581800689,0.8693746856330355,1.3488816828238268,1.4721937679144088,2.023995716596,0.5022908632965591,-2.3148053080139745
1.2439852029838665,1.975536876889429,1.9607771609079387,1.2961105518436324,1.4209936913324814,2.041033801878801,0.7610909607281501,2.791951387707861,2.7422343239523923,0.9753902676250816,0.5206608130742449,2.8955814508371276,-2.3468881908005694
1.5252384599336521,0.6094778779477423,1.8707959692368223,1.3345774718742998,0.4508219732539944,0.9134256129085974,2.8778242942148133,2.88936427899332,0.4130683790008852,1.5990826266269522,2.552409807243366,0.4736536692702411,-2.3355929034686285
2.434554439595769,0.6213898845711978,0.9062519226403178,1.159561271548264,0.7828909880196987,2.597698073729202,2.111638900304584,0.568745342199223,2.107287197200882,1.2398199564959433,0.9862075020882688,1.1220287235733082,-2.357354492819404
2.1276510742203194,1.7731199791847556,2.20608005013954,1.5407194521703593,2.7936957723556257,0.34448108459924026,2.981698344038611,1.7385104850172663,0.6194700211609558,1.6106150757349973,2.1096520707973876,0.891805221783432,-2.32638910596115
2.1466170869621295,2.308352445771725,1.7425496791784767,2.4189007649276455,2.5812036188445884,2.116295607222773,2.798389381069818,2.02899812616983,1.6930766294025203,0.9992435543412109,1.6446217425528047,0.5377242897224971,-2.3247344828524863
1.3307433620373932,2.3017870625872767,0.7388828281788473,0.722598336048232,1.4121709150862605,2.387188182260053,2.5322385901092015,0.3331130175141779,2.0598142858805066,1.032234374490975,2.6376672116097764,2.2946995980289917,-2.3266878583466393
3.082672055168348,2.5626627572125837,0.4828217292534908,2.525937009550692,1.4465239625491348,2.7274849316858245,2.1983042258892347,1.7079366498897097,2.3842812168580374,2.618607995368392,2.429207043567928,1.2649670646546942,-2.3571180374627154
1.3539523119879322,2.810626867837494,2.0009543498663622,0.7338423638703406,2.7371563826333376,1.2622486869710108,2.1488438571259447,1.2964187681192094,2.18062644961386,2.465926976516685,0.38283892552686477,2.624685641589998,-2.3166727902195383
0.38261411222723246,2.130139487734689,0.5226021754038481,0.6761780528535382,1.6543488311876748,0.4555768297057913,3.154750928992612,2.8702501348670655,2.0288762008623547,1.0469810285818149,1.4891576285190355,2.2195385548939255,-2.335638424199269
1.6387104373306676,2.6008662441532295,1.5849110850269155,1.4863633790366293,1.1165802270965277,2.0607826029518588,2.549041046982402,2.8252881554154765,3.159688391211941,1.2497773292612577,2.74475394948893,2.568103264791636,-2.3841722312975824
2.9068348145878082,2.658071213224546,1.8799463514467198,1.2593988233020161,0.5308803297023053,1.4673563066911142,0.33089688187012917,2.0713359972324343,1.823707812708472,2.673555042233268,2.5812176961439506,1.860861885656027,-2.3582040822107055
0.701506163424496,2.323674366111329,1.2800101679831142,2.6160465766399312,1.264108878849948,1.2279234270403097,0.8781808841853116,0.3703634809033072,2.9041691956903195,1.7873685854657688,2.0684559155254068,1.1719904401634642,-2.3602023811067756
3.1357683377866814,0.727597187103036,1.5730008589480573,2.228958150855943,2.9305214709313923,0.7488756598951777,1.0879358415755256,2.217866318176894,2.367496378774087,1.1911887481564207,0.5371881185136009,2.538675454545346,-2.509009860041135
2.5414822325325788,0.40220387696784027,0.7743694090810744,2.574057338707022,0.7269042531942091,2.3453569435218706,1.68488942788267,1.3998994078648115,1.3151551845767488,2.2844593931806614,0.4092818559738479,2.758438574846569,-2.317406963610464
