equation,id,f_value,operating_condition,if,low_impact,inactive,rank
H + O + M <=> OH + M,1,0.1,"Pandas(T5=918.0, T5_units='K', P5=103351.5, P5_units='Pa', composition='H2:0.058683, O2:0.02947, Ar:0.911847', phi=0.9956396335256192, tau=0.00362, tau_units='s', pressure_rise=nan, pressure_rise_units='', ignition_type='max', ignition_target='OH*;', ignition_amount='', ignition_units='', filename='g00000012.xml', exp_unc=15.96)",0.01664624842944638,True,False,9.0
H + O2 (+M) <=> HO2 (+M),2,0.1,"Pandas(T5=918.0, T5_units='K', P5=103351.5, P5_units='Pa', composition='H2:0.058683, O2:0.02947, Ar:0.911847', phi=0.9956396335256192, tau=0.00362, tau_units='s', pressure_rise=nan, pressure_rise_units='', ignition_type='max', ignition_target='OH*;', ignition_amount='', ignition_units='', filename='g00000012.xml', exp_unc=15.96)",0.33560990406632607,False,False,2.0
H + O2 <=> O + OH,3,0.1,"Pandas(T5=918.0, T5_units='K', P5=103351.5, P5_units='Pa', composition='H2:0.058683, O2:0.02947, Ar:0.911847', phi=0.9956396335256192, tau=0.00362, tau_units='s', pressure_rise=nan, pressure_rise_units='', ignition_type='max', ignition_target='OH*;', ignition_amount='', ignition_units='', filename='g00000012.xml', exp_unc=15.96)",0.520342138302407,False,False,1.0
H2 + O <=> H + OH,5,0.1,"Pandas(T5=918.0, T5_units='K', P5=103351.5, P5_units='Pa', composition='H2:0.058683, O2:0.02947, Ar:0.911847', phi=0.9956396335256192, tau=0.00362, tau_units='s', pressure_rise=nan, pressure_rise_units='', ignition_type='max', ignition_target='OH*;', ignition_amount='', ignition_units='', filename='g00000012.xml', exp_unc=15.96)",0.03002654205533621,True,False,6.0
H2 + OH <=> H + H2O,6,0.1,"Pandas(T5=918.0, T5_units='K', P5=103351.5, P5_units='Pa', composition='H2:0.058683, O2:0.02947, Ar:0.911847', phi=0.9956396335256192, tau=0.00362, tau_units='s', pressure_rise=nan, pressure_rise_units='', ignition_type='max', ignition_target='OH*;', ignition_amount='', ignition_units='', filename='g00000012.xml', exp_unc=15.96)",0.00340476085927339,True,False,12.0
H + H2O2 <=> H2 + HO2,7,0.1,"Pandas(T5=918.0, T5_units='K', P5=103351.5, P5_units='Pa', composition='H2:0.058683, O2:0.02947, Ar:0.911847', phi=0.9956396335256192, tau=0.00362, tau_units='s', pressure_rise=nan, pressure_rise_units='', ignition_type='max', ignition_target='OH*;', ignition_amount='', ignition_units='', filename='g00000012.xml', exp_unc=15.96)",0.009176639206627668,True,False,11.0
H + HO2 <=> H2 + O2,11,0.1,"Pandas(T5=918.0, T5_units='K', P5=103351.5, P5_units='Pa', composition='H2:0.058683, O2:0.02947, Ar:0.911847', phi=0.9956396335256192, tau=0.00362, tau_units='s', pressure_rise=nan, pressure_rise_units='', ignition_type='max', ignition_target='OH*;', ignition_amount='', ignition_units='', filename='g00000012.xml', exp_unc=15.96)",0.011197957065510824,True,False,10.0
H + HO2 <=> 2 OH,12,0.1,"Pandas(T5=918.0, T5_units='K', P5=103351.5, P5_units='Pa', composition='H2:0.058683, O2:0.02947, Ar:0.911847', phi=0.9956396335256192, tau=0.00362, tau_units='s', pressure_rise=nan, pressure_rise_units='', ignition_type='max', ignition_target='OH*;', ignition_amount='', ignition_units='', filename='g00000012.xml', exp_unc=15.96)",0.04257165784601427,True,False,3.0
2 OH <=> H2O + O,17,0.1,"Pandas(T5=918.0, T5_units='K', P5=103351.5, P5_units='Pa', composition='H2:0.058683, O2:0.02947, Ar:0.911847', phi=0.9956396335256192, tau=0.00362, tau_units='s', pressure_rise=nan, pressure_rise_units='', ignition_type='max', ignition_target='OH*;', ignition_amount='', ignition_units='', filename='g00000012.xml', exp_unc=15.96)",0.01794593642733967,True,False,8.0
H2O2 (+M) <=> 2 OH (+M),18,0.1,"Pandas(T5=918.0, T5_units='K', P5=103351.5, P5_units='Pa', composition='H2:0.058683, O2:0.02947, Ar:0.911847', phi=0.9956396335256192, tau=0.00362, tau_units='s', pressure_rise=nan, pressure_rise_units='', ignition_type='max', ignition_target='OH*;', ignition_amount='', ignition_units='', filename='g00000012.xml', exp_unc=15.96)",0.04080711086178333,True,False,4.0
CO + O (+M) <=> CO2 (+M),27,0.1,"Pandas(T5=918.0, T5_units='K', P5=103351.5, P5_units='Pa', composition='H2:0.058683, O2:0.02947, Ar:0.911847', phi=0.9956396335256192, tau=0.00362, tau_units='s', pressure_rise=nan, pressure_rise_units='', ignition_type='max', ignition_target='OH*;', ignition_amount='', ignition_units='', filename='g00000012.xml', exp_unc=15.96)",0.029062694240052114,True,False,7.0
CO + OH <=> CO2 + H,28,0.1,"Pandas(T5=918.0, T5_units='K', P5=103351.5, P5_units='Pa', composition='H2:0.058683, O2:0.02947, Ar:0.911847', phi=0.9956396335256192, tau=0.00362, tau_units='s', pressure_rise=nan, pressure_rise_units='', ignition_type='max', ignition_target='OH*;', ignition_amount='', ignition_units='', filename='g00000012.xml', exp_unc=15.96)",0.003209738014993349,True,False,13.0
CO + HO2 <=> CO2 + OH,30,0.1,"Pandas(T5=918.0, T5_units='K', P5=103351.5, P5_units='Pa', composition='H2:0.058683, O2:0.02947, Ar:0.911847', phi=0.9956396335256192, tau=0.00362, tau_units='s', pressure_rise=nan, pressure_rise_units='', ignition_type='max', ignition_target='OH*;', ignition_amount='', ignition_units='', filename='g00000012.xml', exp_unc=15.96)",0.03584619173794018,True,False,5.0
H + O + M <=> OH + M,1,0.1,"Pandas(T5=1191.0, T5_units='K', P5=99000.0, P5_units='Pa', composition='H2:0.1254, O2:0.0157, Ar:0.8589', phi=3.9936305732484083, tau=0.00042899999999999997, tau_units='s', pressure_rise=nan, pressure_rise_units='', ignition_type='max', ignition_target='OHEX;', ignition_amount='', ignition_units='', filename='x10001017.xml', exp_unc=46.65)",0.0001726901958937962,True,False,9.0
H + O2 (+M) <=> HO2 (+M),2,0.1,"Pandas(T5=1191.0, T5_units='K', P5=99000.0, P5_units='Pa', composition='H2:0.1254, O2:0.0157, Ar:0.8589', phi=3.9936305732484083, tau=0.00042899999999999997, tau_units='s', pressure_rise=nan, pressure_rise_units='', ignition_type='max', ignition_target='OHEX;', ignition_amount='', ignition_units='', filename='x10001017.xml', exp_unc=46.65)",0.0010465511744253606,True,False,6.0
H + O2 <=> O + OH,3,0.1,"Pandas(T5=1191.0, T5_units='K', P5=99000.0, P5_units='Pa', composition='H2:0.1254, O2:0.0157, Ar:0.8589', phi=3.9936305732484083, tau=0.00042899999999999997, tau_units='s', pressure_rise=nan, pressure_rise_units='', ignition_type='max', ignition_target='OHEX;', ignition_amount='', ignition_units='', filename='x10001017.xml', exp_unc=46.65)",0.1783238016883244,False,False,1.0
H2 + O <=> H + OH,5,0.1,"Pandas(T5=1191.0, T5_units='K', P5=99000.0, P5_units='Pa', composition='H2:0.1254, O2:0.0157, Ar:0.8589', phi=3.9936305732484083, tau=0.00042899999999999997, tau_units='s', pressure_rise=nan, pressure_rise_units='', ignition_type='max', ignition_target='OHEX;', ignition_amount='', ignition_units='', filename='x10001017.xml', exp_unc=46.65)",0.010779853315101767,True,False,2.0
H2 + OH <=> H + H2O,6,0.1,"Pandas(T5=1191.0, T5_units='K', P5=99000.0, P5_units='Pa', composition='H2:0.1254, O2:0.0157, Ar:0.8589', phi=3.9936305732484083, tau=0.00042899999999999997, tau_units='s', pressure_rise=nan, pressure_rise_units='', ignition_type='max', ignition_target='OHEX;', ignition_amount='', ignition_units='', filename='x10001017.xml', exp_unc=46.65)",0.003673793941255547,True,False,4.0
H + H2O2 <=> H2 + HO2,7,0.1,"Pandas(T5=1191.0, T5_units='K', P5=99000.0, P5_units='Pa', composition='H2:0.1254, O2:0.0157, Ar:0.8589', phi=3.9936305732484083, tau=0.00042899999999999997, tau_units='s', pressure_rise=nan, pressure_rise_units='', ignition_type='max', ignition_target='OHEX;', ignition_amount='', ignition_units='', filename='x10001017.xml', exp_unc=46.65)",0.0004209091679417708,True,False,7.0
H + HO2 <=> H2 + O2,11,0.1,"Pandas(T5=1191.0, T5_units='K', P5=99000.0, P5_units='Pa', composition='H2:0.1254, O2:0.0157, Ar:0.8589', phi=3.9936305732484083, tau=0.00042899999999999997, tau_units='s', pressure_rise=nan, pressure_rise_units='', ignition_type='max', ignition_target='OHEX;', ignition_amount='', ignition_units='', filename='x10001017.xml', exp_unc=46.65)",0.010559030994783919,True,False,3.0
H + HO2 <=> 2 OH,12,0.1,"Pandas(T5=1191.0, T5_units='K', P5=99000.0, P5_units='Pa', composition='H2:0.1254, O2:0.0157, Ar:0.8589', phi=3.9936305732484083, tau=0.00042899999999999997, tau_units='s', pressure_rise=nan, pressure_rise_units='', ignition_type='max', ignition_target='OHEX;', ignition_amount='', ignition_units='', filename='x10001017.xml', exp_unc=46.65)",0.0025887593387731393,True,False,5.0
2 OH <=> H2O + O,17,0.1,"Pandas(T5=1191.0, T5_units='K', P5=99000.0, P5_units='Pa', composition='H2:0.1254, O2:0.0157, Ar:0.8589', phi=3.9936305732484083, tau=0.00042899999999999997, tau_units='s', pressure_rise=nan, pressure_rise_units='', ignition_type='max', ignition_target='OHEX;', ignition_amount='', ignition_units='', filename='x10001017.xml', exp_unc=46.65)",5.191730382364299e-05,True,False,13.0
H2O2 (+M) <=> 2 OH (+M),18,0.1,"Pandas(T5=1191.0, T5_units='K', P5=99000.0, P5_units='Pa', composition='H2:0.1254, O2:0.0157, Ar:0.8589', phi=3.9936305732484083, tau=0.00042899999999999997, tau_units='s', pressure_rise=nan, pressure_rise_units='', ignition_type='max', ignition_target='OHEX;', ignition_amount='', ignition_units='', filename='x10001017.xml', exp_unc=46.65)",5.517218650407923e-05,True,False,12.0
CO + O (+M) <=> CO2 (+M),27,0.1,"Pandas(T5=1191.0, T5_units='K', P5=99000.0, P5_units='Pa', composition='H2:0.1254, O2:0.0157, Ar:0.8589', phi=3.9936305732484083, tau=0.00042899999999999997, tau_units='s', pressure_rise=nan, pressure_rise_units='', ignition_type='max', ignition_target='OHEX;', ignition_amount='', ignition_units='', filename='x10001017.xml', exp_unc=46.65)",0.00032936570265019,True,False,8.0
CO + OH <=> CO2 + H,28,0.1,"Pandas(T5=1191.0, T5_units='K', P5=99000.0, P5_units='Pa', composition='H2:0.1254, O2:0.0157, Ar:0.8589', phi=3.9936305732484083, tau=0.00042899999999999997, tau_units='s', pressure_rise=nan, pressure_rise_units='', ignition_type='max', ignition_target='OHEX;', ignition_amount='', ignition_units='', filename='x10001017.xml', exp_unc=46.65)",0.00014163372661050462,True,False,11.0
CO + HO2 <=> CO2 + OH,30,0.1,"Pandas(T5=1191.0, T5_units='K', P5=99000.0, P5_units='Pa', composition='H2:0.1254, O2:0.0157, Ar:0.8589', phi=3.9936305732484083, tau=0.00042899999999999997, tau_units='s', pressure_rise=nan, pressure_rise_units='', ignition_type='max', ignition_target='OHEX;', ignition_amount='', ignition_units='', filename='x10001017.xml', exp_unc=46.65)",0.0001459610947869172,True,False,10.0
H + O + M <=> OH + M,1,0.1,"Pandas(T5=1068.0, T5_units='K', P5=416000.0, P5_units='Pa', composition='H2:0.0174, CO:0.0174, O2:0.0347, Ar:0.9306', phi=0.5014409221902016, tau=0.000285, tau_units='s', pressure_rise=nan, pressure_rise_units='', ignition_type='max', ignition_target='OHEX;', ignition_amount='', ignition_units='', filename='x10001025.xml', exp_unc=20.64)",0.005839425502018541,True,False,8.0
H + O2 (+M) <=> HO2 (+M),2,0.1,"Pandas(T5=1068.0, T5_units='K', P5=416000.0, P5_units='Pa', composition='H2:0.0174, CO:0.0174, O2:0.0347, Ar:0.9306', phi=0.5014409221902016, tau=0.000285, tau_units='s', pressure_rise=nan, pressure_rise_units='', ignition_type='max', ignition_target='OHEX;', ignition_amount='', ignition_units='', filename='x10001025.xml', exp_unc=20.64)",0.19082589879735545,False,False,2.0
H + O2 <=> O + OH,3,0.1,"Pandas(T5=1068.0, T5_units='K', P5=416000.0, P5_units='Pa', composition='H2:0.0174, CO:0.0174, O2:0.0347, Ar:0.9306', phi=0.5014409221902016, tau=0.000285, tau_units='s', pressure_rise=nan, pressure_rise_units='', ignition_type='max', ignition_target='OHEX;', ignition_amount='', ignition_units='', filename='x10001025.xml', exp_unc=20.64)",0.2994580261565289,False,False,1.0
H2 + O <=> H + OH,5,0.1,"Pandas(T5=1068.0, T5_units='K', P5=416000.0, P5_units='Pa', composition='H2:0.0174, CO:0.0174, O2:0.0347, Ar:0.9306', phi=0.5014409221902016, tau=0.000285, tau_units='s', pressure_rise=nan, pressure_rise_units='', ignition_type='max', ignition_target='OHEX;', ignition_amount='', ignition_units='', filename='x10001025.xml', exp_unc=20.64)",0.06606840293331692,False,False,3.0
H2 + OH <=> H + H2O,6,0.1,"Pandas(T5=1068.0, T5_units='K', P5=416000.0, P5_units='Pa', composition='H2:0.0174, CO:0.0174, O2:0.0347, Ar:0.9306', phi=0.5014409221902016, tau=0.000285, tau_units='s', pressure_rise=nan, pressure_rise_units='', ignition_type='max', ignition_target='OHEX;', ignition_amount='', ignition_units='', filename='x10001025.xml', exp_unc=20.64)",0.01858124596338938,True,False,5.0
H + H2O2 <=> H2 + HO2,7,0.1,"Pandas(T5=1068.0, T5_units='K', P5=416000.0, P5_units='Pa', composition='H2:0.0174, CO:0.0174, O2:0.0347, Ar:0.9306', phi=0.5014409221902016, tau=0.000285, tau_units='s', pressure_rise=nan, pressure_rise_units='', ignition_type='max', ignition_target='OHEX;', ignition_amount='', ignition_units='', filename='x10001025.xml', exp_unc=20.64)",0.003043147912672638,True,False,12.0
H + HO2 <=> H2 + O2,11,0.1,"Pandas(T5=1068.0, T5_units='K', P5=416000.0, P5_units='Pa', composition='H2:0.0174, CO:0.0174, O2:0.0347, Ar:0.9306', phi=0.5014409221902016, tau=0.000285, tau_units='s', pressure_rise=nan, pressure_rise_units='', ignition_type='max', ignition_target='OHEX;', ignition_amount='', ignition_units='', filename='x10001025.xml', exp_unc=20.64)",0.005262985920061549,True,False,11.0
H + HO2 <=> 2 OH,12,0.1,"Pandas(T5=1068.0, T5_units='K', P5=416000.0, P5_units='Pa', composition='H2:0.0174, CO:0.0174, O2:0.0347, Ar:0.9306', phi=0.5014409221902016, tau=0.000285, tau_units='s', pressure_rise=nan, pressure_rise_units='', ignition_type='max', ignition_target='OHEX;', ignition_amount='', ignition_units='', filename='x10001025.xml', exp_unc=20.64)",0.028236202194124146,True,False,4.0
2 OH <=> H2O + O,17,0.1,"Pandas(T5=1068.0, T5_units='K', P5=416000.0, P5_units='Pa', composition='H2:0.0174, CO:0.0174, O2:0.0347, Ar:0.9306', phi=0.5014409221902016, tau=0.000285, tau_units='s', pressure_rise=nan, pressure_rise_units='', ignition_type='max', ignition_target='OHEX;', ignition_amount='', ignition_units='', filename='x10001025.xml', exp_unc=20.64)",0.005381874534680345,True,False,10.0
H2O2 (+M) <=> 2 OH (+M),18,0.1,"Pandas(T5=1068.0, T5_units='K', P5=416000.0, P5_units='Pa', composition='H2:0.0174, CO:0.0174, O2:0.0347, Ar:0.9306', phi=0.5014409221902016, tau=0.000285, tau_units='s', pressure_rise=nan, pressure_rise_units='', ignition_type='max', ignition_target='OHEX;', ignition_amount='', ignition_units='', filename='x10001025.xml', exp_unc=20.64)",0.01010460582770007,True,False,6.0
CO + O (+M) <=> CO2 (+M),27,0.1,"Pandas(T5=1068.0, T5_units='K', P5=416000.0, P5_units='Pa', composition='H2:0.0174, CO:0.0174, O2:0.0347, Ar:0.9306', phi=0.5014409221902016, tau=0.000285, tau_units='s', pressure_rise=nan, pressure_rise_units='', ignition_type='max', ignition_target='OHEX;', ignition_amount='', ignition_units='', filename='x10001025.xml', exp_unc=20.64)",0.005741532690530848,True,False,9.0
CO + OH <=> CO2 + H,28,0.1,"Pandas(T5=1068.0, T5_units='K', P5=416000.0, P5_units='Pa', composition='H2:0.0174, CO:0.0174, O2:0.0347, Ar:0.9306', phi=0.5014409221902016, tau=0.000285, tau_units='s', pressure_rise=nan, pressure_rise_units='', ignition_type='max', ignition_target='OHEX;', ignition_amount='', ignition_units='', filename='x10001025.xml', exp_unc=20.64)",0.000888843480640769,True,False,13.0
CO + HO2 <=> CO2 + OH,30,0.1,"Pandas(T5=1068.0, T5_units='K', P5=416000.0, P5_units='Pa', composition='H2:0.0174, CO:0.0174, O2:0.0347, Ar:0.9306', phi=0.5014409221902016, tau=0.000285, tau_units='s', pressure_rise=nan, pressure_rise_units='', ignition_type='max', ignition_target='OHEX;', ignition_amount='', ignition_units='', filename='x10001025.xml', exp_unc=20.64)",0.009443177951927301,True,False,7.0
H + O + M <=> OH + M,1,0.1,"Pandas(T5=1017.0, T5_units='K', P5=419000.00000000006, P5_units='Pa', composition='H2:0.1254, O2:0.0157, Ar:0.8589', phi=3.9936305732484083, tau=0.000928, tau_units='s', pressure_rise=nan, pressure_rise_units='', ignition_type='max', ignition_target='OHEX;', ignition_amount='', ignition_units='', filename='x10001016.xml', exp_unc=26.85)",0.009757819603675187,True,False,10.0
H + O2 (+M) <=> HO2 (+M),2,0.1,"Pandas(T5=1017.0, T5_units='K', P5=419000.00000000006, P5_units='Pa', composition='H2:0.1254, O2:0.0157, Ar:0.8589', phi=3.9936305732484083, tau=0.000928, tau_units='s', pressure_rise=nan, pressure_rise_units='', ignition_type='max', ignition_target='OHEX;', ignition_amount='', ignition_units='', filename='x10001016.xml', exp_unc=26.85)",0.6814271329281811,False,False,2.0
H + O2 <=> O + OH,3,0.1,"Pandas(T5=1017.0, T5_units='K', P5=419000.00000000006, P5_units='Pa', composition='H2:0.1254, O2:0.0157, Ar:0.8589', phi=3.9936305732484083, tau=0.000928, tau_units='s', pressure_rise=nan, pressure_rise_units='', ignition_type='max', ignition_target='OHEX;', ignition_amount='', ignition_units='', filename='x10001016.xml', exp_unc=26.85)",0.8067434320225373,False,False,1.0
H2 + O <=> H + OH,5,0.1,"Pandas(T5=1017.0, T5_units='K', P5=419000.00000000006, P5_units='Pa', composition='H2:0.1254, O2:0.0157, Ar:0.8589', phi=3.9936305732484083, tau=0.000928, tau_units='s', pressure_rise=nan, pressure_rise_units='', ignition_type='max', ignition_target='OHEX;', ignition_amount='', ignition_units='', filename='x10001016.xml', exp_unc=26.85)",0.0068792205367409105,True,False,13.0
H2 + OH <=> H + H2O,6,0.1,"Pandas(T5=1017.0, T5_units='K', P5=419000.00000000006, P5_units='Pa', composition='H2:0.1254, O2:0.0157, Ar:0.8589', phi=3.9936305732484083, tau=0.000928, tau_units='s', pressure_rise=nan, pressure_rise_units='', ignition_type='max', ignition_target='OHEX;', ignition_amount='', ignition_units='', filename='x10001016.xml', exp_unc=26.85)",0.01819638662353455,True,False,7.0
H + H2O2 <=> H2 + HO2,7,0.1,"Pandas(T5=1017.0, T5_units='K', P5=419000.00000000006, P5_units='Pa', composition='H2:0.1254, O2:0.0157, Ar:0.8589', phi=3.9936305732484083, tau=0.000928, tau_units='s', pressure_rise=nan, pressure_rise_units='', ignition_type='max', ignition_target='OHEX;', ignition_amount='', ignition_units='', filename='x10001016.xml', exp_unc=26.85)",0.05437389842249403,True,False,4.0
H + HO2 <=> H2 + O2,11,0.1,"Pandas(T5=1017.0, T5_units='K', P5=419000.00000000006, P5_units='Pa', composition='H2:0.1254, O2:0.0157, Ar:0.8589', phi=3.9936305732484083, tau=0.000928, tau_units='s', pressure_rise=nan, pressure_rise_units='', ignition_type='max', ignition_target='OHEX;', ignition_amount='', ignition_units='', filename='x10001016.xml', exp_unc=26.85)",0.02348224314680286,True,False,5.0
H + HO2 <=> 2 OH,12,0.1,"Pandas(T5=1017.0, T5_units='K', P5=419000.00000000006, P5_units='Pa', composition='H2:0.1254, O2:0.0157, Ar:0.8589', phi=3.9936305732484083, tau=0.000928, tau_units='s', pressure_rise=nan, pressure_rise_units='', ignition_type='max', ignition_target='OHEX;', ignition_amount='', ignition_units='', filename='x10001016.xml', exp_unc=26.85)",0.07653587558260899,True,False,3.0
2 OH <=> H2O + O,17,0.1,"Pandas(T5=1017.0, T5_units='K', P5=419000.00000000006, P5_units='Pa', composition='H2:0.1254, O2:0.0157, Ar:0.8589', phi=3.9936305732484083, tau=0.000928, tau_units='s', pressure_rise=nan, pressure_rise_units='', ignition_type='max', ignition_target='OHEX;', ignition_amount='', ignition_units='', filename='x10001016.xml', exp_unc=26.85)",0.011618263308610592,True,False,8.0
H2O2 (+M) <=> 2 OH (+M),18,0.1,"Pandas(T5=1017.0, T5_units='K', P5=419000.00000000006, P5_units='Pa', composition='H2:0.1254, O2:0.0157, Ar:0.8589', phi=3.9936305732484083, tau=0.000928, tau_units='s', pressure_rise=nan, pressure_rise_units='', ignition_type='max', ignition_target='OHEX;', ignition_amount='', ignition_units='', filename='x10001016.xml', exp_unc=26.85)",0.022216985958223003,True,False,6.0
CO + O (+M) <=> CO2 (+M),27,0.1,"Pandas(T5=1017.0, T5_units='K', P5=419000.00000000006, P5_units='Pa', composition='H2:0.1254, O2:0.0157, Ar:0.8589', phi=3.9936305732484083, tau=0.000928, tau_units='s', pressure_rise=nan, pressure_rise_units='', ignition_type='max', ignition_target='OHEX;', ignition_amount='', ignition_units='', filename='x10001016.xml', exp_unc=26.85)",0.0087711887621016,True,False,12.0
CO + OH <=> CO2 + H,28,0.1,"Pandas(T5=1017.0, T5_units='K', P5=419000.00000000006, P5_units='Pa', composition='H2:0.1254, O2:0.0157, Ar:0.8589', phi=3.9936305732484083, tau=0.000928, tau_units='s', pressure_rise=nan, pressure_rise_units='', ignition_type='max', ignition_target='OHEX;', ignition_amount='', ignition_units='', filename='x10001016.xml', exp_unc=26.85)",0.01003383136811238,True,False,9.0
CO + HO2 <=> CO2 + OH,30,0.1,"Pandas(T5=1017.0, T5_units='K', P5=419000.00000000006, P5_units='Pa', composition='H2:0.1254, O2:0.0157, Ar:0.8589', phi=3.9936305732484083, tau=0.000928, tau_units='s', pressure_rise=nan, pressure_rise_units='', ignition_type='max', ignition_target='OHEX;', ignition_amount='', ignition_units='', filename='x10001016.xml', exp_unc=26.85)",0.00880682141908844,True,False,11.0
H + O + M <=> OH + M,1,0.1,"Pandas(T5=1007.0, T5_units='K', P5=1569000.0, P5_units='Pa', composition='H2:0.0174, CO:0.0174, O2:0.0347, Ar:0.9306', phi=0.5014409221902016, tau=0.00484, tau_units='s', pressure_rise=nan, pressure_rise_units='', ignition_type='max', ignition_target='OHEX;', ignition_amount='', ignition_units='', filename='x10001024_x.xml', exp_unc=30.17)",0.000969821724168426,True,False,12.0
H + O2 (+M) <=> HO2 (+M),2,0.1,"Pandas(T5=1007.0, T5_units='K', P5=1569000.0, P5_units='Pa', composition='H2:0.0174, CO:0.0174, O2:0.0347, Ar:0.9306', phi=0.5014409221902016, tau=0.00484, tau_units='s', pressure_rise=nan, pressure_rise_units='', ignition_type='max', ignition_target='OHEX;', ignition_amount='', ignition_units='', filename='x10001024_x.xml', exp_unc=30.17)",0.19078651541042396,False,False,2.0
H + O2 <=> O + OH,3,0.1,"Pandas(T5=1007.0, T5_units='K', P5=1569000.0, P5_units='Pa', composition='H2:0.0174, CO:0.0174, O2:0.0347, Ar:0.9306', phi=0.5014409221902016, tau=0.00484, tau_units='s', pressure_rise=nan, pressure_rise_units='', ignition_type='max', ignition_target='OHEX;', ignition_amount='', ignition_units='', filename='x10001024_x.xml', exp_unc=30.17)",0.2052567713431,False,False,1.0
H2 + O <=> H + OH,5,0.1,"Pandas(T5=1007.0, T5_units='K', P5=1569000.0, P5_units='Pa', composition='H2:0.0174, CO:0.0174, O2:0.0347, Ar:0.9306', phi=0.5014409221902016, tau=0.00484, tau_units='s', pressure_rise=nan, pressure_rise_units='', ignition_type='max', ignition_target='OHEX;', ignition_amount='', ignition_units='', filename='x10001024_x.xml', exp_unc=30.17)",0.011194685808086328,True,False,9.0
H2 + OH <=> H + H2O,6,0.1,"Pandas(T5=1007.0, T5_units='K', P5=1569000.0, P5_units='Pa', composition='H2:0.0174, CO:0.0174, O2:0.0347, Ar:0.9306', phi=0.5014409221902016, tau=0.00484, tau_units='s', pressure_rise=nan, pressure_rise_units='', ignition_type='max', ignition_target='OHEX;', ignition_amount='', ignition_units='', filename='x10001024_x.xml', exp_unc=30.17)",0.02286746142805951,False,False,8.0
H + H2O2 <=> H2 + HO2,7,0.1,"Pandas(T5=1007.0, T5_units='K', P5=1569000.0, P5_units='Pa', composition='H2:0.0174, CO:0.0174, O2:0.0347, Ar:0.9306', phi=0.5014409221902016, tau=0.00484, tau_units='s', pressure_rise=nan, pressure_rise_units='', ignition_type='max', ignition_target='OHEX;', ignition_amount='', ignition_units='', filename='x10001024_x.xml', exp_unc=30.17)",0.05810515827421119,False,False,4.0
H + HO2 <=> H2 + O2,11,0.1,"Pandas(T5=1007.0, T5_units='K', P5=1569000.0, P5_units='Pa', composition='H2:0.0174, CO:0.0174, O2:0.0347, Ar:0.9306', phi=0.5014409221902016, tau=0.00484, tau_units='s', pressure_rise=nan, pressure_rise_units='', ignition_type='max', ignition_target='OHEX;', ignition_amount='', ignition_units='', filename='x10001024_x.xml', exp_unc=30.17)",0.026542751854895286,False,False,7.0
H + HO2 <=> 2 OH,12,0.1,"Pandas(T5=1007.0, T5_units='K', P5=1569000.0, P5_units='Pa', composition='H2:0.0174, CO:0.0174, O2:0.0347, Ar:0.9306', phi=0.5014409221902016, tau=0.00484, tau_units='s', pressure_rise=nan, pressure_rise_units='', ignition_type='max', ignition_target='OHEX;', ignition_amount='', ignition_units='', filename='x10001024_x.xml', exp_unc=30.17)",0.03143262415191335,False,False,6.0
2 OH <=> H2O + O,17,0.1,"Pandas(T5=1007.0, T5_units='K', P5=1569000.0, P5_units='Pa', composition='H2:0.0174, CO:0.0174, O2:0.0347, Ar:0.9306', phi=0.5014409221902016, tau=0.00484, tau_units='s', pressure_rise=nan, pressure_rise_units='', ignition_type='max', ignition_target='OHEX;', ignition_amount='', ignition_units='', filename='x10001024_x.xml', exp_unc=30.17)",0.00012531658516936494,True,False,13.0
H2O2 (+M) <=> 2 OH (+M),18,0.1,"Pandas(T5=1007.0, T5_units='K', P5=1569000.0, P5_units='Pa', composition='H2:0.0174, CO:0.0174, O2:0.0347, Ar:0.9306', phi=0.5014409221902016, tau=0.00484, tau_units='s', pressure_rise=nan, pressure_rise_units='', ignition_type='max', ignition_target='OHEX;', ignition_amount='', ignition_units='', filename='x10001024_x.xml', exp_unc=30.17)",0.0859667976686355,False,False,3.0
CO + O (+M) <=> CO2 (+M),27,0.1,"Pandas(T5=1007.0, T5_units='K', P5=1569000.0, P5_units='Pa', composition='H2:0.0174, CO:0.0174, O2:0.0347, Ar:0.9306', phi=0.5014409221902016, tau=0.00484, tau_units='s', pressure_rise=nan, pressure_rise_units='', ignition_type='max', ignition_target='OHEX;', ignition_amount='', ignition_units='', filename='x10001024_x.xml', exp_unc=30.17)",0.004365738410388798,True,False,10.0
CO + OH <=> CO2 + H,28,0.1,"Pandas(T5=1007.0, T5_units='K', P5=1569000.0, P5_units='Pa', composition='H2:0.0174, CO:0.0174, O2:0.0347, Ar:0.9306', phi=0.5014409221902016, tau=0.00484, tau_units='s', pressure_rise=nan, pressure_rise_units='', ignition_type='max', ignition_target='OHEX;', ignition_amount='', ignition_units='', filename='x10001024_x.xml', exp_unc=30.17)",0.003534410939827619,True,False,11.0
CO + HO2 <=> CO2 + OH,30,0.1,"Pandas(T5=1007.0, T5_units='K', P5=1569000.0, P5_units='Pa', composition='H2:0.0174, CO:0.0174, O2:0.0347, Ar:0.9306', phi=0.5014409221902016, tau=0.00484, tau_units='s', pressure_rise=nan, pressure_rise_units='', ignition_type='max', ignition_target='OHEX;', ignition_amount='', ignition_units='', filename='x10001024_x.xml', exp_unc=30.17)",0.0322678729492083,False,False,5.0
H + O + M <=> OH + M,1,0.1,"Pandas(T5=1204.0, T5_units='K', P5=1470000.0, P5_units='Pa', composition='H2:0.1254, O2:0.0157, Ar:0.8589', phi=3.9936305732484083, tau=4.6e-05, tau_units='s', pressure_rise=nan, pressure_rise_units='', ignition_type='max', ignition_target='OHEX;', ignition_amount='', ignition_units='', filename='x10001015.xml', exp_unc=41.02)",0.007187057534780318,True,False,9.0
H + O2 (+M) <=> HO2 (+M),2,0.1,"Pandas(T5=1204.0, T5_units='K', P5=1470000.0, P5_units='Pa', composition='H2:0.1254, O2:0.0157, Ar:0.8589', phi=3.9936305732484083, tau=4.6e-05, tau_units='s', pressure_rise=nan, pressure_rise_units='', ignition_type='max', ignition_target='OHEX;', ignition_amount='', ignition_units='', filename='x10001015.xml', exp_unc=41.02)",0.21923937482102349,False,False,2.0
H + O2 <=> O + OH,3,0.1,"Pandas(T5=1204.0, T5_units='K', P5=1470000.0, P5_units='Pa', composition='H2:0.1254, O2:0.0157, Ar:0.8589', phi=3.9936305732484083, tau=4.6e-05, tau_units='s', pressure_rise=nan, pressure_rise_units='', ignition_type='max', ignition_target='OHEX;', ignition_amount='', ignition_units='', filename='x10001015.xml', exp_unc=41.02)",0.38442303144668766,False,False,1.0
H2 + O <=> H + OH,5,0.1,"Pandas(T5=1204.0, T5_units='K', P5=1470000.0, P5_units='Pa', composition='H2:0.1254, O2:0.0157, Ar:0.8589', phi=3.9936305732484083, tau=4.6e-05, tau_units='s', pressure_rise=nan, pressure_rise_units='', ignition_type='max', ignition_target='OHEX;', ignition_amount='', ignition_units='', filename='x10001015.xml', exp_unc=41.02)",0.012258001285536438,True,False,5.0
H2 + OH <=> H + H2O,6,0.1,"Pandas(T5=1204.0, T5_units='K', P5=1470000.0, P5_units='Pa', composition='H2:0.1254, O2:0.0157, Ar:0.8589', phi=3.9936305732484083, tau=4.6e-05, tau_units='s', pressure_rise=nan, pressure_rise_units='', ignition_type='max', ignition_target='OHEX;', ignition_amount='', ignition_units='', filename='x10001015.xml', exp_unc=41.02)",0.0014149222443644509,True,False,12.0
H + H2O2 <=> H2 + HO2,7,0.1,"Pandas(T5=1204.0, T5_units='K', P5=1470000.0, P5_units='Pa', composition='H2:0.1254, O2:0.0157, Ar:0.8589', phi=3.9936305732484083, tau=4.6e-05, tau_units='s', pressure_rise=nan, pressure_rise_units='', ignition_type='max', ignition_target='OHEX;', ignition_amount='', ignition_units='', filename='x10001015.xml', exp_unc=41.02)",0.01211068274391959,True,False,6.0
H + HO2 <=> H2 + O2,11,0.1,"Pandas(T5=1204.0, T5_units='K', P5=1470000.0, P5_units='Pa', composition='H2:0.1254, O2:0.0157, Ar:0.8589', phi=3.9936305732484083, tau=4.6e-05, tau_units='s', pressure_rise=nan, pressure_rise_units='', ignition_type='max', ignition_target='OHEX;', ignition_amount='', ignition_units='', filename='x10001015.xml', exp_unc=41.02)",0.011492927307692535,True,False,7.0
H + HO2 <=> 2 OH,12,0.1,"Pandas(T5=1204.0, T5_units='K', P5=1470000.0, P5_units='Pa', composition='H2:0.1254, O2:0.0157, Ar:0.8589', phi=3.9936305732484083, tau=4.6e-05, tau_units='s', pressure_rise=nan, pressure_rise_units='', ignition_type='max', ignition_target='OHEX;', ignition_amount='', ignition_units='', filename='x10001015.xml', exp_unc=41.02)",0.04547320718637323,False,False,3.0
2 OH <=> H2O + O,17,0.1,"Pandas(T5=1204.0, T5_units='K', P5=1470000.0, P5_units='Pa', composition='H2:0.1254, O2:0.0157, Ar:0.8589', phi=3.9936305732484083, tau=4.6e-05, tau_units='s', pressure_rise=nan, pressure_rise_units='', ignition_type='max', ignition_target='OHEX;', ignition_amount='', ignition_units='', filename='x10001015.xml', exp_unc=41.02)",0.004392091715737057,True,False,11.0
H2O2 (+M) <=> 2 OH (+M),18,0.1,"Pandas(T5=1204.0, T5_units='K', P5=1470000.0, P5_units='Pa', composition='H2:0.1254, O2:0.0157, Ar:0.8589', phi=3.9936305732484083, tau=4.6e-05, tau_units='s', pressure_rise=nan, pressure_rise_units='', ignition_type='max', ignition_target='OHEX;', ignition_amount='', ignition_units='', filename='x10001015.xml', exp_unc=41.02)",0.013214311501580353,True,False,4.0
CO + O (+M) <=> CO2 (+M),27,0.1,"Pandas(T5=1204.0, T5_units='K', P5=1470000.0, P5_units='Pa', composition='H2:0.1254, O2:0.0157, Ar:0.8589', phi=3.9936305732484083, tau=4.6e-05, tau_units='s', pressure_rise=nan, pressure_rise_units='', ignition_type='max', ignition_target='OHEX;', ignition_amount='', ignition_units='', filename='x10001015.xml', exp_unc=41.02)",0.006194654949497783,True,False,10.0
CO + OH <=> CO2 + H,28,0.1,"Pandas(T5=1204.0, T5_units='K', P5=1470000.0, P5_units='Pa', composition='H2:0.1254, O2:0.0157, Ar:0.8589', phi=3.9936305732484083, tau=4.6e-05, tau_units='s', pressure_rise=nan, pressure_rise_units='', ignition_type='max', ignition_target='OHEX;', ignition_amount='', ignition_units='', filename='x10001015.xml', exp_unc=41.02)",0.0004383013157268495,True,False,13.0
CO + HO2 <=> CO2 + OH,30,0.1,"Pandas(T5=1204.0, T5_units='K', P5=1470000.0, P5_units='Pa', composition='H2:0.1254, O2:0.0157, Ar:0.8589', phi=3.9936305732484083, tau=4.6e-05, tau_units='s', pressure_rise=nan, pressure_rise_units='', ignition_type='max', ignition_target='OHEX;', ignition_amount='', ignition_units='', filename='x10001015.xml', exp_unc=41.02)",0.00878107247464498,True,False,8.0
H + O + M <=> OH + M,1,0.1,"Pandas(T5=1431.0, T5_units='K', P5=101325.0, P5_units='Pa', composition='H2:0.03, O2:0.015, Ar:0.955', phi=1.0, tau=0.0001157, tau_units='s', pressure_rise=nan, pressure_rise_units='', ignition_type='d/dt max', ignition_target='OH*;', ignition_amount='', ignition_units='', filename='x10000008.xml', exp_unc=80.0)",0.008870990605437244,True,False,5.0
H + O2 (+M) <=> HO2 (+M),2,0.1,"Pandas(T5=1431.0, T5_units='K', P5=101325.0, P5_units='Pa', composition='H2:0.03, O2:0.015, Ar:0.955', phi=1.0, tau=0.0001157, tau_units='s', pressure_rise=nan, pressure_rise_units='', ignition_type='d/dt max', ignition_target='OH*;', ignition_amount='', ignition_units='', filename='x10000008.xml', exp_unc=80.0)",0.001452108016714829,True,False,6.0
H + O2 <=> O + OH,3,0.1,"Pandas(T5=1431.0, T5_units='K', P5=101325.0, P5_units='Pa', composition='H2:0.03, O2:0.015, Ar:0.955', phi=1.0, tau=0.0001157, tau_units='s', pressure_rise=nan, pressure_rise_units='', ignition_type='d/dt max', ignition_target='OH*;', ignition_amount='', ignition_units='', filename='x10000008.xml', exp_unc=80.0)",0.14330435796158605,False,False,1.0
H2 + O <=> H + OH,5,0.1,"Pandas(T5=1431.0, T5_units='K', P5=101325.0, P5_units='Pa', composition='H2:0.03, O2:0.015, Ar:0.955', phi=1.0, tau=0.0001157, tau_units='s', pressure_rise=nan, pressure_rise_units='', ignition_type='d/dt max', ignition_target='OH*;', ignition_amount='', ignition_units='', filename='x10000008.xml', exp_unc=80.0)",0.034808163869349595,False,False,2.0
H2 + OH <=> H + H2O,6,0.1,"Pandas(T5=1431.0, T5_units='K', P5=101325.0, P5_units='Pa', composition='H2:0.03, O2:0.015, Ar:0.955', phi=1.0, tau=0.0001157, tau_units='s', pressure_rise=nan, pressure_rise_units='', ignition_type='d/dt max', ignition_target='OH*;', ignition_amount='', ignition_units='', filename='x10000008.xml', exp_unc=80.0)",0.025728221144102077,False,False,3.0
H + H2O2 <=> H2 + HO2,7,0.1,"Pandas(T5=1431.0, T5_units='K', P5=101325.0, P5_units='Pa', composition='H2:0.03, O2:0.015, Ar:0.955', phi=1.0, tau=0.0001157, tau_units='s', pressure_rise=nan, pressure_rise_units='', ignition_type='d/dt max', ignition_target='OH*;', ignition_amount='', ignition_units='', filename='x10000008.xml', exp_unc=80.0)",0.0004700807788343344,True,False,10.0
H + HO2 <=> H2 + O2,11,0.1,"Pandas(T5=1431.0, T5_units='K', P5=101325.0, P5_units='Pa', composition='H2:0.03, O2:0.015, Ar:0.955', phi=1.0, tau=0.0001157, tau_units='s', pressure_rise=nan, pressure_rise_units='', ignition_type='d/dt max', ignition_target='OH*;', ignition_amount='', ignition_units='', filename='x10000008.xml', exp_unc=80.0)",0.013355212561122648,True,False,4.0
H + HO2 <=> 2 OH,12,0.1,"Pandas(T5=1431.0, T5_units='K', P5=101325.0, P5_units='Pa', composition='H2:0.03, O2:0.015, Ar:0.955', phi=1.0, tau=0.0001157, tau_units='s', pressure_rise=nan, pressure_rise_units='', ignition_type='d/dt max', ignition_target='OH*;', ignition_amount='', ignition_units='', filename='x10000008.xml', exp_unc=80.0)",0.0004760328600650541,True,False,9.0
2 OH <=> H2O + O,17,0.1,"Pandas(T5=1431.0, T5_units='K', P5=101325.0, P5_units='Pa', composition='H2:0.03, O2:0.015, Ar:0.955', phi=1.0, tau=0.0001157, tau_units='s', pressure_rise=nan, pressure_rise_units='', ignition_type='d/dt max', ignition_target='OH*;', ignition_amount='', ignition_units='', filename='x10000008.xml', exp_unc=80.0)",0.00037778685231573136,True,False,11.0
H2O2 (+M) <=> 2 OH (+M),18,0.1,"Pandas(T5=1431.0, T5_units='K', P5=101325.0, P5_units='Pa', composition='H2:0.03, O2:0.015, Ar:0.955', phi=1.0, tau=0.0001157, tau_units='s', pressure_rise=nan, pressure_rise_units='', ignition_type='d/dt max', ignition_target='OH*;', ignition_amount='', ignition_units='', filename='x10000008.xml', exp_unc=80.0)",0.000667291318655575,True,False,8.0
CO + O (+M) <=> CO2 (+M),27,0.1,"Pandas(T5=1431.0, T5_units='K', P5=101325.0, P5_units='Pa', composition='H2:0.03, O2:0.015, Ar:0.955', phi=1.0, tau=0.0001157, tau_units='s', pressure_rise=nan, pressure_rise_units='', ignition_type='d/dt max', ignition_target='OH*;', ignition_amount='', ignition_units='', filename='x10000008.xml', exp_unc=80.0)",0.0008117561416949181,True,False,7.0
CO + OH <=> CO2 + H,28,0.1,"Pandas(T5=1431.0, T5_units='K', P5=101325.0, P5_units='Pa', composition='H2:0.03, O2:0.015, Ar:0.955', phi=1.0, tau=0.0001157, tau_units='s', pressure_rise=nan, pressure_rise_units='', ignition_type='d/dt max', ignition_target='OH*;', ignition_amount='', ignition_units='', filename='x10000008.xml', exp_unc=80.0)",0.00020190833824867022,True,False,12.0
CO + HO2 <=> CO2 + OH,30,0.1,"Pandas(T5=1431.0, T5_units='K', P5=101325.0, P5_units='Pa', composition='H2:0.03, O2:0.015, Ar:0.955', phi=1.0, tau=0.0001157, tau_units='s', pressure_rise=nan, pressure_rise_units='', ignition_type='d/dt max', ignition_target='OH*;', ignition_amount='', ignition_units='', filename='x10000008.xml', exp_unc=80.0)",2.7100278605744447e-05,True,False,13.0
H + O + M <=> OH + M,1,0.1,"Pandas(T5=1698.0, T5_units='K', P5=120000.0, P5_units='Pa', composition='H2:0.1254, O2:0.0157, Ar:0.8589', phi=3.9936305732484083, tau=7.9e-05, tau_units='s', pressure_rise=nan, pressure_rise_units='', ignition_type='max', ignition_target='OHEX;', ignition_amount='', ignition_units='', filename='x10001017.xml', exp_unc=46.65)",0.0008283688980018056,True,False,7.0
H + O2 (+M) <=> HO2 (+M),2,0.1,"Pandas(T5=1698.0, T5_units='K', P5=120000.0, P5_units='Pa', composition='H2:0.1254, O2:0.0157, Ar:0.8589', phi=3.9936305732484083, tau=7.9e-05, tau_units='s', pressure_rise=nan, pressure_rise_units='', ignition_type='max', ignition_target='OHEX;', ignition_amount='', ignition_units='', filename='x10001017.xml', exp_unc=46.65)",0.0005070862459096037,True,False,9.0
H + O2 <=> O + OH,3,0.1,"Pandas(T5=1698.0, T5_units='K', P5=120000.0, P5_units='Pa', composition='H2:0.1254, O2:0.0157, Ar:0.8589', phi=3.9936305732484083, tau=7.9e-05, tau_units='s', pressure_rise=nan, pressure_rise_units='', ignition_type='max', ignition_target='OHEX;', ignition_amount='', ignition_units='', filename='x10001017.xml', exp_unc=46.65)",0.16325367144980218,False,False,1.0
H2 + O <=> H + OH,5,0.1,"Pandas(T5=1698.0, T5_units='K', P5=120000.0, P5_units='Pa', composition='H2:0.1254, O2:0.0157, Ar:0.8589', phi=3.9936305732484083, tau=7.9e-05, tau_units='s', pressure_rise=nan, pressure_rise_units='', ignition_type='max', ignition_target='OHEX;', ignition_amount='', ignition_units='', filename='x10001017.xml', exp_unc=46.65)",0.012290046162589824,True,False,3.0
H2 + OH <=> H + H2O,6,0.1,"Pandas(T5=1698.0, T5_units='K', P5=120000.0, P5_units='Pa', composition='H2:0.1254, O2:0.0157, Ar:0.8589', phi=3.9936305732484083, tau=7.9e-05, tau_units='s', pressure_rise=nan, pressure_rise_units='', ignition_type='max', ignition_target='OHEX;', ignition_amount='', ignition_units='', filename='x10001017.xml', exp_unc=46.65)",0.00946359720143055,True,False,4.0
H + H2O2 <=> H2 + HO2,7,0.1,"Pandas(T5=1698.0, T5_units='K', P5=120000.0, P5_units='Pa', composition='H2:0.1254, O2:0.0157, Ar:0.8589', phi=3.9936305732484083, tau=7.9e-05, tau_units='s', pressure_rise=nan, pressure_rise_units='', ignition_type='max', ignition_target='OHEX;', ignition_amount='', ignition_units='', filename='x10001017.xml', exp_unc=46.65)",0.0021393519639766974,True,False,5.0
H + HO2 <=> H2 + O2,11,0.1,"Pandas(T5=1698.0, T5_units='K', P5=120000.0, P5_units='Pa', composition='H2:0.1254, O2:0.0157, Ar:0.8589', phi=3.9936305732484083, tau=7.9e-05, tau_units='s', pressure_rise=nan, pressure_rise_units='', ignition_type='max', ignition_target='OHEX;', ignition_amount='', ignition_units='', filename='x10001017.xml', exp_unc=46.65)",0.018398922741872693,False,False,2.0
H + HO2 <=> 2 OH,12,0.1,"Pandas(T5=1698.0, T5_units='K', P5=120000.0, P5_units='Pa', composition='H2:0.1254, O2:0.0157, Ar:0.8589', phi=3.9936305732484083, tau=7.9e-05, tau_units='s', pressure_rise=nan, pressure_rise_units='', ignition_type='max', ignition_target='OHEX;', ignition_amount='', ignition_units='', filename='x10001017.xml', exp_unc=46.65)",0.0009606806244227012,True,False,6.0
2 OH <=> H2O + O,17,0.1,"Pandas(T5=1698.0, T5_units='K', P5=120000.0, P5_units='Pa', composition='H2:0.1254, O2:0.0157, Ar:0.8589', phi=3.9936305732484083, tau=7.9e-05, tau_units='s', pressure_rise=nan, pressure_rise_units='', ignition_type='max', ignition_target='OHEX;', ignition_amount='', ignition_units='', filename='x10001017.xml', exp_unc=46.65)",0.0002445959714550293,True,False,11.0
H2O2 (+M) <=> 2 OH (+M),18,0.1,"Pandas(T5=1698.0, T5_units='K', P5=120000.0, P5_units='Pa', composition='H2:0.1254, O2:0.0157, Ar:0.8589', phi=3.9936305732484083, tau=7.9e-05, tau_units='s', pressure_rise=nan, pressure_rise_units='', ignition_type='max', ignition_target='OHEX;', ignition_amount='', ignition_units='', filename='x10001017.xml', exp_unc=46.65)",0.00023240278863568577,True,False,12.0
CO + O (+M) <=> CO2 (+M),27,0.1,"Pandas(T5=1698.0, T5_units='K', P5=120000.0, P5_units='Pa', composition='H2:0.1254, O2:0.0157, Ar:0.8589', phi=3.9936305732484083, tau=7.9e-05, tau_units='s', pressure_rise=nan, pressure_rise_units='', ignition_type='max', ignition_target='OHEX;', ignition_amount='', ignition_units='', filename='x10001017.xml', exp_unc=46.65)",0.00044206156861900816,True,False,10.0
CO + OH <=> CO2 + H,28,0.1,"Pandas(T5=1698.0, T5_units='K', P5=120000.0, P5_units='Pa', composition='H2:0.1254, O2:0.0157, Ar:0.8589', phi=3.9936305732484083, tau=7.9e-05, tau_units='s', pressure_rise=nan, pressure_rise_units='', ignition_type='max', ignition_target='OHEX;', ignition_amount='', ignition_units='', filename='x10001017.xml', exp_unc=46.65)",0.0005103039080181945,True,False,8.0
CO + HO2 <=> CO2 + OH,30,0.1,"Pandas(T5=1698.0, T5_units='K', P5=120000.0, P5_units='Pa', composition='H2:0.1254, O2:0.0157, Ar:0.8589', phi=3.9936305732484083, tau=7.9e-05, tau_units='s', pressure_rise=nan, pressure_rise_units='', ignition_type='max', ignition_target='OHEX;', ignition_amount='', ignition_units='', filename='x10001017.xml', exp_unc=46.65)",0.00019348367049335896,True,False,13.0
H + O + M <=> OH + M,1,0.1,"Pandas(T5=1487.0, T5_units='K', P5=151987.5, P5_units='Pa', composition='H2:0.0133, O2:0.0067, Ar:0.98', phi=0.9925373134328357, tau=0.00014, tau_units='s', pressure_rise=nan, pressure_rise_units='', ignition_type='baseline min intercept from d/dt', ignition_target='OH*;', ignition_amount='', ignition_units='', filename='x10000039.xml', exp_unc=18.3)",0.01159673638056727,True,False,5.0
H + O2 (+M) <=> HO2 (+M),2,0.1,"Pandas(T5=1487.0, T5_units='K', P5=151987.5, P5_units='Pa', composition='H2:0.0133, O2:0.0067, Ar:0.98', phi=0.9925373134328357, tau=0.00014, tau_units='s', pressure_rise=nan, pressure_rise_units='', ignition_type='baseline min intercept from d/dt', ignition_target='OH*;', ignition_amount='', ignition_units='', filename='x10000039.xml', exp_unc=18.3)",0.0027805253076649858,True,False,6.0
H + O2 <=> O + OH,3,0.1,"Pandas(T5=1487.0, T5_units='K', P5=151987.5, P5_units='Pa', composition='H2:0.0133, O2:0.0067, Ar:0.98', phi=0.9925373134328357, tau=0.00014, tau_units='s', pressure_rise=nan, pressure_rise_units='', ignition_type='baseline min intercept from d/dt', ignition_target='OH*;', ignition_amount='', ignition_units='', filename='x10000039.xml', exp_unc=18.3)",0.14328091866784126,False,False,1.0
H2 + O <=> H + OH,5,0.1,"Pandas(T5=1487.0, T5_units='K', P5=151987.5, P5_units='Pa', composition='H2:0.0133, O2:0.0067, Ar:0.98', phi=0.9925373134328357, tau=0.00014, tau_units='s', pressure_rise=nan, pressure_rise_units='', ignition_type='baseline min intercept from d/dt', ignition_target='OH*;', ignition_amount='', ignition_units='', filename='x10000039.xml', exp_unc=18.3)",0.035290281971702524,False,False,2.0
H2 + OH <=> H + H2O,6,0.1,"Pandas(T5=1487.0, T5_units='K', P5=151987.5, P5_units='Pa', composition='H2:0.0133, O2:0.0067, Ar:0.98', phi=0.9925373134328357, tau=0.00014, tau_units='s', pressure_rise=nan, pressure_rise_units='', ignition_type='baseline min intercept from d/dt', ignition_target='OH*;', ignition_amount='', ignition_units='', filename='x10000039.xml', exp_unc=18.3)",0.028412042099902186,False,False,3.0
H + H2O2 <=> H2 + HO2,7,0.1,"Pandas(T5=1487.0, T5_units='K', P5=151987.5, P5_units='Pa', composition='H2:0.0133, O2:0.0067, Ar:0.98', phi=0.9925373134328357, tau=0.00014, tau_units='s', pressure_rise=nan, pressure_rise_units='', ignition_type='baseline min intercept from d/dt', ignition_target='OH*;', ignition_amount='', ignition_units='', filename='x10000039.xml', exp_unc=18.3)",0.0008243671830036295,True,False,7.0
H + HO2 <=> H2 + O2,11,0.1,"Pandas(T5=1487.0, T5_units='K', P5=151987.5, P5_units='Pa', composition='H2:0.0133, O2:0.0067, Ar:0.98', phi=0.9925373134328357, tau=0.00014, tau_units='s', pressure_rise=nan, pressure_rise_units='', ignition_type='baseline min intercept from d/dt', ignition_target='OH*;', ignition_amount='', ignition_units='', filename='x10000039.xml', exp_unc=18.3)",0.013601157226045643,True,False,4.0
H + HO2 <=> 2 OH,12,0.1,"Pandas(T5=1487.0, T5_units='K', P5=151987.5, P5_units='Pa', composition='H2:0.0133, O2:0.0067, Ar:0.98', phi=0.9925373134328357, tau=0.00014, tau_units='s', pressure_rise=nan, pressure_rise_units='', ignition_type='baseline min intercept from d/dt', ignition_target='OH*;', ignition_amount='', ignition_units='', filename='x10000039.xml', exp_unc=18.3)",0.00035397039152661777,True,False,10.0
2 OH <=> H2O + O,17,0.1,"Pandas(T5=1487.0, T5_units='K', P5=151987.5, P5_units='Pa', composition='H2:0.0133, O2:0.0067, Ar:0.98', phi=0.9925373134328357, tau=0.00014, tau_units='s', pressure_rise=nan, pressure_rise_units='', ignition_type='baseline min intercept from d/dt', ignition_target='OH*;', ignition_amount='', ignition_units='', filename='x10000039.xml', exp_unc=18.3)",4.4490993245510717e-05,True,False,12.0
H2O2 (+M) <=> 2 OH (+M),18,0.1,"Pandas(T5=1487.0, T5_units='K', P5=151987.5, P5_units='Pa', composition='H2:0.0133, O2:0.0067, Ar:0.98', phi=0.9925373134328357, tau=0.00014, tau_units='s', pressure_rise=nan, pressure_rise_units='', ignition_type='baseline min intercept from d/dt', ignition_target='OH*;', ignition_amount='', ignition_units='', filename='x10000039.xml', exp_unc=18.3)",0.0006359702625622618,True,False,8.0
CO + O (+M) <=> CO2 (+M),27,0.1,"Pandas(T5=1487.0, T5_units='K', P5=151987.5, P5_units='Pa', composition='H2:0.0133, O2:0.0067, Ar:0.98', phi=0.9925373134328357, tau=0.00014, tau_units='s', pressure_rise=nan, pressure_rise_units='', ignition_type='baseline min intercept from d/dt', ignition_target='OH*;', ignition_amount='', ignition_units='', filename='x10000039.xml', exp_unc=18.3)",0.00048277124768802363,True,False,9.0
CO + OH <=> CO2 + H,28,0.1,"Pandas(T5=1487.0, T5_units='K', P5=151987.5, P5_units='Pa', composition='H2:0.0133, O2:0.0067, Ar:0.98', phi=0.9925373134328357, tau=0.00014, tau_units='s', pressure_rise=nan, pressure_rise_units='', ignition_type='baseline min intercept from d/dt', ignition_target='OH*;', ignition_amount='', ignition_units='', filename='x10000039.xml', exp_unc=18.3)",0.00016293988745161083,True,False,11.0
CO + HO2 <=> CO2 + OH,30,0.1,"Pandas(T5=1487.0, T5_units='K', P5=151987.5, P5_units='Pa', composition='H2:0.0133, O2:0.0067, Ar:0.98', phi=0.9925373134328357, tau=0.00014, tau_units='s', pressure_rise=nan, pressure_rise_units='', ignition_type='baseline min intercept from d/dt', ignition_target='OH*;', ignition_amount='', ignition_units='', filename='x10000039.xml', exp_unc=18.3)",1.2039508969308446e-05,True,False,13.0
H + O + M <=> OH + M,1,0.1,"Pandas(T5=1463.0, T5_units='K', P5=430000.0, P5_units='Pa', composition='H2:0.1254, O2:0.0157, Ar:0.8589', phi=3.9936305732484083, tau=3.4e-05, tau_units='s', pressure_rise=nan, pressure_rise_units='', ignition_type='max', ignition_target='OHEX;', ignition_amount='', ignition_units='', filename='x10001016.xml', exp_unc=26.85)",0.00019593355017977793,True,False,8.0
H + O2 (+M) <=> HO2 (+M),2,0.1,"Pandas(T5=1463.0, T5_units='K', P5=430000.0, P5_units='Pa', composition='H2:0.1254, O2:0.0157, Ar:0.8589', phi=3.9936305732484083, tau=3.4e-05, tau_units='s', pressure_rise=nan, pressure_rise_units='', ignition_type='max', ignition_target='OHEX;', ignition_amount='', ignition_units='', filename='x10001016.xml', exp_unc=26.85)",0.002321199052005074,True,False,6.0
H + O2 <=> O + OH,3,0.1,"Pandas(T5=1463.0, T5_units='K', P5=430000.0, P5_units='Pa', composition='H2:0.1254, O2:0.0157, Ar:0.8589', phi=3.9936305732484083, tau=3.4e-05, tau_units='s', pressure_rise=nan, pressure_rise_units='', ignition_type='max', ignition_target='OHEX;', ignition_amount='', ignition_units='', filename='x10001016.xml', exp_unc=26.85)",0.17078988661243,False,False,1.0
H2 + O <=> H + OH,5,0.1,"Pandas(T5=1463.0, T5_units='K', P5=430000.0, P5_units='Pa', composition='H2:0.1254, O2:0.0157, Ar:0.8589', phi=3.9936305732484083, tau=3.4e-05, tau_units='s', pressure_rise=nan, pressure_rise_units='', ignition_type='max', ignition_target='OHEX;', ignition_amount='', ignition_units='', filename='x10001016.xml', exp_unc=26.85)",0.011128865785833567,True,False,3.0
H2 + OH <=> H + H2O,6,0.1,"Pandas(T5=1463.0, T5_units='K', P5=430000.0, P5_units='Pa', composition='H2:0.1254, O2:0.0157, Ar:0.8589', phi=3.9936305732484083, tau=3.4e-05, tau_units='s', pressure_rise=nan, pressure_rise_units='', ignition_type='max', ignition_target='OHEX;', ignition_amount='', ignition_units='', filename='x10001016.xml', exp_unc=26.85)",0.005779008824984406,True,False,4.0
H + H2O2 <=> H2 + HO2,7,0.1,"Pandas(T5=1463.0, T5_units='K', P5=430000.0, P5_units='Pa', composition='H2:0.1254, O2:0.0157, Ar:0.8589', phi=3.9936305732484083, tau=3.4e-05, tau_units='s', pressure_rise=nan, pressure_rise_units='', ignition_type='max', ignition_target='OHEX;', ignition_amount='', ignition_units='', filename='x10001016.xml', exp_unc=26.85)",0.0011876320223195586,True,False,7.0
H + HO2 <=> H2 + O2,11,0.1,"Pandas(T5=1463.0, T5_units='K', P5=430000.0, P5_units='Pa', composition='H2:0.1254, O2:0.0157, Ar:0.8589', phi=3.9936305732484083, tau=3.4e-05, tau_units='s', pressure_rise=nan, pressure_rise_units='', ignition_type='max', ignition_target='OHEX;', ignition_amount='', ignition_units='', filename='x10001016.xml', exp_unc=26.85)",0.013157287722492389,True,False,2.0
H + HO2 <=> 2 OH,12,0.1,"Pandas(T5=1463.0, T5_units='K', P5=430000.0, P5_units='Pa', composition='H2:0.1254, O2:0.0157, Ar:0.8589', phi=3.9936305732484083, tau=3.4e-05, tau_units='s', pressure_rise=nan, pressure_rise_units='', ignition_type='max', ignition_target='OHEX;', ignition_amount='', ignition_units='', filename='x10001016.xml', exp_unc=26.85)",0.002482139047957887,True,False,5.0
2 OH <=> H2O + O,17,0.1,"Pandas(T5=1463.0, T5_units='K', P5=430000.0, P5_units='Pa', composition='H2:0.1254, O2:0.0157, Ar:0.8589', phi=3.9936305732484083, tau=3.4e-05, tau_units='s', pressure_rise=nan, pressure_rise_units='', ignition_type='max', ignition_target='OHEX;', ignition_amount='', ignition_units='', filename='x10001016.xml', exp_unc=26.85)",0.00017832945224121536,True,False,9.0
H2O2 (+M) <=> 2 OH (+M),18,0.1,"Pandas(T5=1463.0, T5_units='K', P5=430000.0, P5_units='Pa', composition='H2:0.1254, O2:0.0157, Ar:0.8589', phi=3.9936305732484083, tau=3.4e-05, tau_units='s', pressure_rise=nan, pressure_rise_units='', ignition_type='max', ignition_target='OHEX;', ignition_amount='', ignition_units='', filename='x10001016.xml', exp_unc=26.85)",3.694609863121111e-05,True,False,12.0
CO + O (+M) <=> CO2 (+M),27,0.1,"Pandas(T5=1463.0, T5_units='K', P5=430000.0, P5_units='Pa', composition='H2:0.1254, O2:0.0157, Ar:0.8589', phi=3.9936305732484083, tau=3.4e-05, tau_units='s', pressure_rise=nan, pressure_rise_units='', ignition_type='max', ignition_target='OHEX;', ignition_amount='', ignition_units='', filename='x10001016.xml', exp_unc=26.85)",6.439523237061312e-05,True,False,10.0
CO + OH <=> CO2 + H,28,0.1,"Pandas(T5=1463.0, T5_units='K', P5=430000.0, P5_units='Pa', composition='H2:0.1254, O2:0.0157, Ar:0.8589', phi=3.9936305732484083, tau=3.4e-05, tau_units='s', pressure_rise=nan, pressure_rise_units='', ignition_type='max', ignition_target='OHEX;', ignition_amount='', ignition_units='', filename='x10001016.xml', exp_unc=26.85)",2.234010784369833e-05,True,False,13.0
CO + HO2 <=> CO2 + OH,30,0.1,"Pandas(T5=1463.0, T5_units='K', P5=430000.0, P5_units='Pa', composition='H2:0.1254, O2:0.0157, Ar:0.8589', phi=3.9936305732484083, tau=3.4e-05, tau_units='s', pressure_rise=nan, pressure_rise_units='', ignition_type='max', ignition_target='OHEX;', ignition_amount='', ignition_units='', filename='x10001016.xml', exp_unc=26.85)",5.770187172539586e-05,True,False,11.0
H + O + M <=> OH + M,1,0.1,"Pandas(T5=1383.0, T5_units='K', P5=1134840.0, P5_units='Pa', composition='H2:0.005, CO:0.005, O2:0.01, Ar:0.98', phi=0.5, tau=4.1e-05, tau_units='s', pressure_rise=nan, pressure_rise_units='', ignition_type='d/dt max', ignition_target='OHEX;', ignition_amount='', ignition_units='', filename='x10001063.xml', exp_unc=80.0)",0.0010664667678736627,True,False,8.0
H + O2 (+M) <=> HO2 (+M),2,0.1,"Pandas(T5=1383.0, T5_units='K', P5=1134840.0, P5_units='Pa', composition='H2:0.005, CO:0.005, O2:0.01, Ar:0.98', phi=0.5, tau=4.1e-05, tau_units='s', pressure_rise=nan, pressure_rise_units='', ignition_type='d/dt max', ignition_target='OHEX;', ignition_amount='', ignition_units='', filename='x10001063.xml', exp_unc=80.0)",0.02238135331717998,False,False,4.0
H + O2 <=> O + OH,3,0.1,"Pandas(T5=1383.0, T5_units='K', P5=1134840.0, P5_units='Pa', composition='H2:0.005, CO:0.005, O2:0.01, Ar:0.98', phi=0.5, tau=4.1e-05, tau_units='s', pressure_rise=nan, pressure_rise_units='', ignition_type='d/dt max', ignition_target='OHEX;', ignition_amount='', ignition_units='', filename='x10001063.xml', exp_unc=80.0)",0.12498062705625489,False,False,1.0
H2 + O <=> H + OH,5,0.1,"Pandas(T5=1383.0, T5_units='K', P5=1134840.0, P5_units='Pa', composition='H2:0.005, CO:0.005, O2:0.01, Ar:0.98', phi=0.5, tau=4.1e-05, tau_units='s', pressure_rise=nan, pressure_rise_units='', ignition_type='d/dt max', ignition_target='OHEX;', ignition_amount='', ignition_units='', filename='x10001063.xml', exp_unc=80.0)",0.05267850739843634,False,False,2.0
H2 + OH <=> H + H2O,6,0.1,"Pandas(T5=1383.0, T5_units='K', P5=1134840.0, P5_units='Pa', composition='H2:0.005, CO:0.005, O2:0.01, Ar:0.98', phi=0.5, tau=4.1e-05, tau_units='s', pressure_rise=nan, pressure_rise_units='', ignition_type='d/dt max', ignition_target='OHEX;', ignition_amount='', ignition_units='', filename='x10001063.xml', exp_unc=80.0)",0.03151963077270475,False,False,3.0
H + H2O2 <=> H2 + HO2,7,0.1,"Pandas(T5=1383.0, T5_units='K', P5=1134840.0, P5_units='Pa', composition='H2:0.005, CO:0.005, O2:0.01, Ar:0.98', phi=0.5, tau=4.1e-05, tau_units='s', pressure_rise=nan, pressure_rise_units='', ignition_type='d/dt max', ignition_target='OHEX;', ignition_amount='', ignition_units='', filename='x10001063.xml', exp_unc=80.0)",0.0009860966257410756,True,False,9.0
H + HO2 <=> H2 + O2,11,0.1,"Pandas(T5=1383.0, T5_units='K', P5=1134840.0, P5_units='Pa', composition='H2:0.005, CO:0.005, O2:0.01, Ar:0.98', phi=0.5, tau=4.1e-05, tau_units='s', pressure_rise=nan, pressure_rise_units='', ignition_type='d/dt max', ignition_target='OHEX;', ignition_amount='', ignition_units='', filename='x10001063.xml', exp_unc=80.0)",0.008620454772930101,True,False,5.0
H + HO2 <=> 2 OH,12,0.1,"Pandas(T5=1383.0, T5_units='K', P5=1134840.0, P5_units='Pa', composition='H2:0.005, CO:0.005, O2:0.01, Ar:0.98', phi=0.5, tau=4.1e-05, tau_units='s', pressure_rise=nan, pressure_rise_units='', ignition_type='d/dt max', ignition_target='OHEX;', ignition_amount='', ignition_units='', filename='x10001063.xml', exp_unc=80.0)",0.006121745120629454,True,False,6.0
2 OH <=> H2O + O,17,0.1,"Pandas(T5=1383.0, T5_units='K', P5=1134840.0, P5_units='Pa', composition='H2:0.005, CO:0.005, O2:0.01, Ar:0.98', phi=0.5, tau=4.1e-05, tau_units='s', pressure_rise=nan, pressure_rise_units='', ignition_type='d/dt max', ignition_target='OHEX;', ignition_amount='', ignition_units='', filename='x10001063.xml', exp_unc=80.0)",0.0009494429778840711,True,False,10.0
H2O2 (+M) <=> 2 OH (+M),18,0.1,"Pandas(T5=1383.0, T5_units='K', P5=1134840.0, P5_units='Pa', composition='H2:0.005, CO:0.005, O2:0.01, Ar:0.98', phi=0.5, tau=4.1e-05, tau_units='s', pressure_rise=nan, pressure_rise_units='', ignition_type='d/dt max', ignition_target='OHEX;', ignition_amount='', ignition_units='', filename='x10001063.xml', exp_unc=80.0)",0.00010533544204815457,True,False,13.0
CO + O (+M) <=> CO2 (+M),27,0.1,"Pandas(T5=1383.0, T5_units='K', P5=1134840.0, P5_units='Pa', composition='H2:0.005, CO:0.005, O2:0.01, Ar:0.98', phi=0.5, tau=4.1e-05, tau_units='s', pressure_rise=nan, pressure_rise_units='', ignition_type='d/dt max', ignition_target='OHEX;', ignition_amount='', ignition_units='', filename='x10001063.xml', exp_unc=80.0)",0.0007035962884441035,True,False,11.0
CO + OH <=> CO2 + H,28,0.1,"Pandas(T5=1383.0, T5_units='K', P5=1134840.0, P5_units='Pa', composition='H2:0.005, CO:0.005, O2:0.01, Ar:0.98', phi=0.5, tau=4.1e-05, tau_units='s', pressure_rise=nan, pressure_rise_units='', ignition_type='d/dt max', ignition_target='OHEX;', ignition_amount='', ignition_units='', filename='x10001063.xml', exp_unc=80.0)",0.00021443503790594327,True,False,12.0
CO + HO2 <=> CO2 + OH,30,0.1,"Pandas(T5=1383.0, T5_units='K', P5=1134840.0, P5_units='Pa', composition='H2:0.005, CO:0.005, O2:0.01, Ar:0.98', phi=0.5, tau=4.1e-05, tau_units='s', pressure_rise=nan, pressure_rise_units='', ignition_type='d/dt max', ignition_target='OHEX;', ignition_amount='', ignition_units='', filename='x10001063.xml', exp_unc=80.0)",0.001214626844110393,True,False,7.0
H + O + M <=> OH + M,1,0.1,"Pandas(T5=2050.0, T5_units='K', P5=124629.75, P5_units='Pa', composition='H2:0.00049, CO:0.0328, O2:0.0101, Ar:0.95661', phi=1.6480198019801982, tau=0.000195, tau_units='s', pressure_rise=nan, pressure_rise_units='', ignition_type='concentration', ignition_target='CO2;', ignition_amount=1.328431e-11, ignition_units='kmol/m3', filename='x10001050.xml', exp_unc=80.0)",0.04349465852745109,False,False,3.0
H + O2 (+M) <=> HO2 (+M),2,0.1,"Pandas(T5=2050.0, T5_units='K', P5=124629.75, P5_units='Pa', composition='H2:0.00049, CO:0.0328, O2:0.0101, Ar:0.95661', phi=1.6480198019801982, tau=0.000195, tau_units='s', pressure_rise=nan, pressure_rise_units='', ignition_type='concentration', ignition_target='CO2;', ignition_amount=1.328431e-11, ignition_units='kmol/m3', filename='x10001050.xml', exp_unc=80.0)",0.005315226796182358,True,False,8.0
H + O2 <=> O + OH,3,0.1,"Pandas(T5=2050.0, T5_units='K', P5=124629.75, P5_units='Pa', composition='H2:0.00049, CO:0.0328, O2:0.0101, Ar:0.95661', phi=1.6480198019801982, tau=0.000195, tau_units='s', pressure_rise=nan, pressure_rise_units='', ignition_type='concentration', ignition_target='CO2;', ignition_amount=1.328431e-11, ignition_units='kmol/m3', filename='x10001050.xml', exp_unc=80.0)",0.04666132719869168,False,False,2.0
H2 + O <=> H + OH,5,0.1,"Pandas(T5=2050.0, T5_units='K', P5=124629.75, P5_units='Pa', composition='H2:0.00049, CO:0.0328, O2:0.0101, Ar:0.95661', phi=1.6480198019801982, tau=0.000195, tau_units='s', pressure_rise=nan, pressure_rise_units='', ignition_type='concentration', ignition_target='CO2;', ignition_amount=1.328431e-11, ignition_units='kmol/m3', filename='x10001050.xml', exp_unc=80.0)",0.03269585225220372,False,False,4.0
H2 + OH <=> H + H2O,6,0.1,"Pandas(T5=2050.0, T5_units='K', P5=124629.75, P5_units='Pa', composition='H2:0.00049, CO:0.0328, O2:0.0101, Ar:0.95661', phi=1.6480198019801982, tau=0.000195, tau_units='s', pressure_rise=nan, pressure_rise_units='', ignition_type='concentration', ignition_target='CO2;', ignition_amount=1.328431e-11, ignition_units='kmol/m3', filename='x10001050.xml', exp_unc=80.0)",0.0033947476458344103,True,False,9.0
H + H2O2 <=> H2 + HO2,7,0.1,"Pandas(T5=2050.0, T5_units='K', P5=124629.75, P5_units='Pa', composition='H2:0.00049, CO:0.0328, O2:0.0101, Ar:0.95661', phi=1.6480198019801982, tau=0.000195, tau_units='s', pressure_rise=nan, pressure_rise_units='', ignition_type='concentration', ignition_target='CO2;', ignition_amount=1.328431e-11, ignition_units='kmol/m3', filename='x10001050.xml', exp_unc=80.0)",0.0030305971185855094,True,False,10.0
H + HO2 <=> H2 + O2,11,0.1,"Pandas(T5=2050.0, T5_units='K', P5=124629.75, P5_units='Pa', composition='H2:0.00049, CO:0.0328, O2:0.0101, Ar:0.95661', phi=1.6480198019801982, tau=0.000195, tau_units='s', pressure_rise=nan, pressure_rise_units='', ignition_type='concentration', ignition_target='CO2;', ignition_amount=1.328431e-11, ignition_units='kmol/m3', filename='x10001050.xml', exp_unc=80.0)",0.00839308107597013,True,False,7.0
H + HO2 <=> 2 OH,12,0.1,"Pandas(T5=2050.0, T5_units='K', P5=124629.75, P5_units='Pa', composition='H2:0.00049, CO:0.0328, O2:0.0101, Ar:0.95661', phi=1.6480198019801982, tau=0.000195, tau_units='s', pressure_rise=nan, pressure_rise_units='', ignition_type='concentration', ignition_target='CO2;', ignition_amount=1.328431e-11, ignition_units='kmol/m3', filename='x10001050.xml', exp_unc=80.0)",0.00065973158266161,True,False,11.0
2 OH <=> H2O + O,17,0.1,"Pandas(T5=2050.0, T5_units='K', P5=124629.75, P5_units='Pa', composition='H2:0.00049, CO:0.0328, O2:0.0101, Ar:0.95661', phi=1.6480198019801982, tau=0.000195, tau_units='s', pressure_rise=nan, pressure_rise_units='', ignition_type='concentration', ignition_target='CO2;', ignition_amount=1.328431e-11, ignition_units='kmol/m3', filename='x10001050.xml', exp_unc=80.0)",0.010778623685467729,True,False,6.0
H2O2 (+M) <=> 2 OH (+M),18,0.1,"Pandas(T5=2050.0, T5_units='K', P5=124629.75, P5_units='Pa', composition='H2:0.00049, CO:0.0328, O2:0.0101, Ar:0.95661', phi=1.6480198019801982, tau=0.000195, tau_units='s', pressure_rise=nan, pressure_rise_units='', ignition_type='concentration', ignition_target='CO2;', ignition_amount=1.328431e-11, ignition_units='kmol/m3', filename='x10001050.xml', exp_unc=80.0)",9.641065103271748e-05,True,False,13.0
CO + O (+M) <=> CO2 (+M),27,0.1,"Pandas(T5=2050.0, T5_units='K', P5=124629.75, P5_units='Pa', composition='H2:0.00049, CO:0.0328, O2:0.0101, Ar:0.95661', phi=1.6480198019801982, tau=0.000195, tau_units='s', pressure_rise=nan, pressure_rise_units='', ignition_type='concentration', ignition_target='CO2;', ignition_amount=1.328431e-11, ignition_units='kmol/m3', filename='x10001050.xml', exp_unc=80.0)",0.030274807287432277,False,False,5.0
CO + OH <=> CO2 + H,28,0.1,"Pandas(T5=2050.0, T5_units='K', P5=124629.75, P5_units='Pa', composition='H2:0.00049, CO:0.0328, O2:0.0101, Ar:0.95661', phi=1.6480198019801982, tau=0.000195, tau_units='s', pressure_rise=nan, pressure_rise_units='', ignition_type='concentration', ignition_target='CO2;', ignition_amount=1.328431e-11, ignition_units='kmol/m3', filename='x10001050.xml', exp_unc=80.0)",0.17939323093848356,False,False,1.0
CO + HO2 <=> CO2 + OH,30,0.1,"Pandas(T5=2050.0, T5_units='K', P5=124629.75, P5_units='Pa', composition='H2:0.00049, CO:0.0328, O2:0.0101, Ar:0.95661', phi=1.6480198019801982, tau=0.000195, tau_units='s', pressure_rise=nan, pressure_rise_units='', ignition_type='concentration', ignition_target='CO2;', ignition_amount=1.328431e-11, ignition_units='kmol/m3', filename='x10001050.xml', exp_unc=80.0)",0.0005254571234025001,True,False,12.0
H + O + M <=> OH + M,1,0.1,"Pandas(T5=2001.0, T5_units='K', P5=147934.5, P5_units='Pa', composition='H2:0.005, CO:0.005, O2:0.01, Ar:0.98', phi=0.5, tau=4.0499999999999995e-05, tau_units='s', pressure_rise=nan, pressure_rise_units='', ignition_type='d/dt max', ignition_target='OHEX;', ignition_amount='', ignition_units='', filename='x10001062.xml', exp_unc=22.8)",0.0203354643191836,False,False,5.0
H + O2 (+M) <=> HO2 (+M),2,0.1,"Pandas(T5=2001.0, T5_units='K', P5=147934.5, P5_units='Pa', composition='H2:0.005, CO:0.005, O2:0.01, Ar:0.98', phi=0.5, tau=4.0499999999999995e-05, tau_units='s', pressure_rise=nan, pressure_rise_units='', ignition_type='d/dt max', ignition_target='OHEX;', ignition_amount='', ignition_units='', filename='x10001062.xml', exp_unc=22.8)",0.0005096923665250736,True,False,12.0
H + O2 <=> O + OH,3,0.1,"Pandas(T5=2001.0, T5_units='K', P5=147934.5, P5_units='Pa', composition='H2:0.005, CO:0.005, O2:0.01, Ar:0.98', phi=0.5, tau=4.0499999999999995e-05, tau_units='s', pressure_rise=nan, pressure_rise_units='', ignition_type='d/dt max', ignition_target='OHEX;', ignition_amount='', ignition_units='', filename='x10001062.xml', exp_unc=22.8)",0.09586243601588418,False,False,1.0
H2 + O <=> H + OH,5,0.1,"Pandas(T5=2001.0, T5_units='K', P5=147934.5, P5_units='Pa', composition='H2:0.005, CO:0.005, O2:0.01, Ar:0.98', phi=0.5, tau=4.0499999999999995e-05, tau_units='s', pressure_rise=nan, pressure_rise_units='', ignition_type='d/dt max', ignition_target='OHEX;', ignition_amount='', ignition_units='', filename='x10001062.xml', exp_unc=22.8)",0.030526583756952254,False,False,3.0
H2 + OH <=> H + H2O,6,0.1,"Pandas(T5=2001.0, T5_units='K', P5=147934.5, P5_units='Pa', composition='H2:0.005, CO:0.005, O2:0.01, Ar:0.98', phi=0.5, tau=4.0499999999999995e-05, tau_units='s', pressure_rise=nan, pressure_rise_units='', ignition_type='d/dt max', ignition_target='OHEX;', ignition_amount='', ignition_units='', filename='x10001062.xml', exp_unc=22.8)",0.027221860107706698,False,False,4.0
H + H2O2 <=> H2 + HO2,7,0.1,"Pandas(T5=2001.0, T5_units='K', P5=147934.5, P5_units='Pa', composition='H2:0.005, CO:0.005, O2:0.01, Ar:0.98', phi=0.5, tau=4.0499999999999995e-05, tau_units='s', pressure_rise=nan, pressure_rise_units='', ignition_type='d/dt max', ignition_target='OHEX;', ignition_amount='', ignition_units='', filename='x10001062.xml', exp_unc=22.8)",0.0002738475679080912,True,False,13.0
H + HO2 <=> H2 + O2,11,0.1,"Pandas(T5=2001.0, T5_units='K', P5=147934.5, P5_units='Pa', composition='H2:0.005, CO:0.005, O2:0.01, Ar:0.98', phi=0.5, tau=4.0499999999999995e-05, tau_units='s', pressure_rise=nan, pressure_rise_units='', ignition_type='d/dt max', ignition_target='OHEX;', ignition_amount='', ignition_units='', filename='x10001062.xml', exp_unc=22.8)",0.009963572261606336,False,False,6.0
H + HO2 <=> 2 OH,12,0.1,"Pandas(T5=2001.0, T5_units='K', P5=147934.5, P5_units='Pa', composition='H2:0.005, CO:0.005, O2:0.01, Ar:0.98', phi=0.5, tau=4.0499999999999995e-05, tau_units='s', pressure_rise=nan, pressure_rise_units='', ignition_type='d/dt max', ignition_target='OHEX;', ignition_amount='', ignition_units='', filename='x10001062.xml', exp_unc=22.8)",0.0006625522145702589,True,False,11.0
2 OH <=> H2O + O,17,0.1,"Pandas(T5=2001.0, T5_units='K', P5=147934.5, P5_units='Pa', composition='H2:0.005, CO:0.005, O2:0.01, Ar:0.98', phi=0.5, tau=4.0499999999999995e-05, tau_units='s', pressure_rise=nan, pressure_rise_units='', ignition_type='d/dt max', ignition_target='OHEX;', ignition_amount='', ignition_units='', filename='x10001062.xml', exp_unc=22.8)",0.005491053620201992,True,False,7.0
H2O2 (+M) <=> 2 OH (+M),18,0.1,"Pandas(T5=2001.0, T5_units='K', P5=147934.5, P5_units='Pa', composition='H2:0.005, CO:0.005, O2:0.01, Ar:0.98', phi=0.5, tau=4.0499999999999995e-05, tau_units='s', pressure_rise=nan, pressure_rise_units='', ignition_type='d/dt max', ignition_target='OHEX;', ignition_amount='', ignition_units='', filename='x10001062.xml', exp_unc=22.8)",0.0011420273876699462,True,False,9.0
CO + O (+M) <=> CO2 (+M),27,0.1,"Pandas(T5=2001.0, T5_units='K', P5=147934.5, P5_units='Pa', composition='H2:0.005, CO:0.005, O2:0.01, Ar:0.98', phi=0.5, tau=4.0499999999999995e-05, tau_units='s', pressure_rise=nan, pressure_rise_units='', ignition_type='d/dt max', ignition_target='OHEX;', ignition_amount='', ignition_units='', filename='x10001062.xml', exp_unc=22.8)",0.0012560635053613183,True,False,8.0
CO + OH <=> CO2 + H,28,0.1,"Pandas(T5=2001.0, T5_units='K', P5=147934.5, P5_units='Pa', composition='H2:0.005, CO:0.005, O2:0.01, Ar:0.98', phi=0.5, tau=4.0499999999999995e-05, tau_units='s', pressure_rise=nan, pressure_rise_units='', ignition_type='d/dt max', ignition_target='OHEX;', ignition_amount='', ignition_units='', filename='x10001062.xml', exp_unc=22.8)",0.06485427643733656,False,False,2.0
CO + HO2 <=> CO2 + OH,30,0.1,"Pandas(T5=2001.0, T5_units='K', P5=147934.5, P5_units='Pa', composition='H2:0.005, CO:0.005, O2:0.01, Ar:0.98', phi=0.5, tau=4.0499999999999995e-05, tau_units='s', pressure_rise=nan, pressure_rise_units='', ignition_type='d/dt max', ignition_target='OHEX;', ignition_amount='', ignition_units='', filename='x10001062.xml', exp_unc=22.8)",0.001089832650974962,True,False,10.0
H + O + M <=> OH + M,1,0.1,"Pandas(T5=2136.0, T5_units='K', P5=137000.0, P5_units='Pa', composition='H2:0.1254, O2:0.0157, Ar:0.8589', phi=3.9936305732484083, tau=3.6e-05, tau_units='s', pressure_rise=nan, pressure_rise_units='', ignition_type='max', ignition_target='OHEX;', ignition_amount='', ignition_units='', filename='x10001017.xml', exp_unc=46.65)",0.0008257833393930487,True,False,8.0
H + O2 (+M) <=> HO2 (+M),2,0.1,"Pandas(T5=2136.0, T5_units='K', P5=137000.0, P5_units='Pa', composition='H2:0.1254, O2:0.0157, Ar:0.8589', phi=3.9936305732484083, tau=3.6e-05, tau_units='s', pressure_rise=nan, pressure_rise_units='', ignition_type='max', ignition_target='OHEX;', ignition_amount='', ignition_units='', filename='x10001017.xml', exp_unc=46.65)",0.0017813750185881588,True,False,7.0
H + O2 <=> O + OH,3,0.1,"Pandas(T5=2136.0, T5_units='K', P5=137000.0, P5_units='Pa', composition='H2:0.1254, O2:0.0157, Ar:0.8589', phi=3.9936305732484083, tau=3.6e-05, tau_units='s', pressure_rise=nan, pressure_rise_units='', ignition_type='max', ignition_target='OHEX;', ignition_amount='', ignition_units='', filename='x10001017.xml', exp_unc=46.65)",0.14896708600715047,False,False,1.0
H2 + O <=> H + OH,5,0.1,"Pandas(T5=2136.0, T5_units='K', P5=137000.0, P5_units='Pa', composition='H2:0.1254, O2:0.0157, Ar:0.8589', phi=3.9936305732484083, tau=3.6e-05, tau_units='s', pressure_rise=nan, pressure_rise_units='', ignition_type='max', ignition_target='OHEX;', ignition_amount='', ignition_units='', filename='x10001017.xml', exp_unc=46.65)",0.011377854265032296,True,False,4.0
H2 + OH <=> H + H2O,6,0.1,"Pandas(T5=2136.0, T5_units='K', P5=137000.0, P5_units='Pa', composition='H2:0.1254, O2:0.0157, Ar:0.8589', phi=3.9936305732484083, tau=3.6e-05, tau_units='s', pressure_rise=nan, pressure_rise_units='', ignition_type='max', ignition_target='OHEX;', ignition_amount='', ignition_units='', filename='x10001017.xml', exp_unc=46.65)",0.013496252520067201,True,False,3.0
H + H2O2 <=> H2 + HO2,7,0.1,"Pandas(T5=2136.0, T5_units='K', P5=137000.0, P5_units='Pa', composition='H2:0.1254, O2:0.0157, Ar:0.8589', phi=3.9936305732484083, tau=3.6e-05, tau_units='s', pressure_rise=nan, pressure_rise_units='', ignition_type='max', ignition_target='OHEX;', ignition_amount='', ignition_units='', filename='x10001017.xml', exp_unc=46.65)",0.0037881183302898727,True,False,5.0
H + HO2 <=> H2 + O2,11,0.1,"Pandas(T5=2136.0, T5_units='K', P5=137000.0, P5_units='Pa', composition='H2:0.1254, O2:0.0157, Ar:0.8589', phi=3.9936305732484083, tau=3.6e-05, tau_units='s', pressure_rise=nan, pressure_rise_units='', ignition_type='max', ignition_target='OHEX;', ignition_amount='', ignition_units='', filename='x10001017.xml', exp_unc=46.65)",0.02374448456663341,False,False,2.0
H + HO2 <=> 2 OH,12,0.1,"Pandas(T5=2136.0, T5_units='K', P5=137000.0, P5_units='Pa', composition='H2:0.1254, O2:0.0157, Ar:0.8589', phi=3.9936305732484083, tau=3.6e-05, tau_units='s', pressure_rise=nan, pressure_rise_units='', ignition_type='max', ignition_target='OHEX;', ignition_amount='', ignition_units='', filename='x10001017.xml', exp_unc=46.65)",0.0018019473188030004,True,False,6.0
2 OH <=> H2O + O,17,0.1,"Pandas(T5=2136.0, T5_units='K', P5=137000.0, P5_units='Pa', composition='H2:0.1254, O2:0.0157, Ar:0.8589', phi=3.9936305732484083, tau=3.6e-05, tau_units='s', pressure_rise=nan, pressure_rise_units='', ignition_type='max', ignition_target='OHEX;', ignition_amount='', ignition_units='', filename='x10001017.xml', exp_unc=46.65)",0.00019392898806246906,True,False,12.0
H2O2 (+M) <=> 2 OH (+M),18,0.1,"Pandas(T5=2136.0, T5_units='K', P5=137000.0, P5_units='Pa', composition='H2:0.1254, O2:0.0157, Ar:0.8589', phi=3.9936305732484083, tau=3.6e-05, tau_units='s', pressure_rise=nan, pressure_rise_units='', ignition_type='max', ignition_target='OHEX;', ignition_amount='', ignition_units='', filename='x10001017.xml', exp_unc=46.65)",0.0007657785878885178,True,False,10.0
CO + O (+M) <=> CO2 (+M),27,0.1,"Pandas(T5=2136.0, T5_units='K', P5=137000.0, P5_units='Pa', composition='H2:0.1254, O2:0.0157, Ar:0.8589', phi=3.9936305732484083, tau=3.6e-05, tau_units='s', pressure_rise=nan, pressure_rise_units='', ignition_type='max', ignition_target='OHEX;', ignition_amount='', ignition_units='', filename='x10001017.xml', exp_unc=46.65)",0.00028356628203068804,True,False,11.0
CO + OH <=> CO2 + H,28,0.1,"Pandas(T5=2136.0, T5_units='K', P5=137000.0, P5_units='Pa', composition='H2:0.1254, O2:0.0157, Ar:0.8589', phi=3.9936305732484083, tau=3.6e-05, tau_units='s', pressure_rise=nan, pressure_rise_units='', ignition_type='max', ignition_target='OHEX;', ignition_amount='', ignition_units='', filename='x10001017.xml', exp_unc=46.65)",0.0007820422661000226,True,False,9.0
CO + HO2 <=> CO2 + OH,30,0.1,"Pandas(T5=2136.0, T5_units='K', P5=137000.0, P5_units='Pa', composition='H2:0.1254, O2:0.0157, Ar:0.8589', phi=3.9936305732484083, tau=3.6e-05, tau_units='s', pressure_rise=nan, pressure_rise_units='', ignition_type='max', ignition_target='OHEX;', ignition_amount='', ignition_units='', filename='x10001017.xml', exp_unc=46.65)",0.0001812091491563764,True,False,13.0
H + O + M <=> OH + M,1,0.1,"Pandas(T5=2215.0, T5_units='K', P5=156040.5, P5_units='Pa', composition='H2:0.0005, CO:0.1217, O2:0.01, Ar:0.8678', phi=6.11, tau=7.8e-05, tau_units='s', pressure_rise=nan, pressure_rise_units='', ignition_type='concentration', ignition_target='CO2;', ignition_amount=1.6605390000000003e-11, ignition_units='kmol/m3', filename='x10001052.xml', exp_unc=80.0)",0.03196096349280947,False,False,5.0
H + O2 (+M) <=> HO2 (+M),2,0.1,"Pandas(T5=2215.0, T5_units='K', P5=156040.5, P5_units='Pa', composition='H2:0.0005, CO:0.1217, O2:0.01, Ar:0.8678', phi=6.11, tau=7.8e-05, tau_units='s', pressure_rise=nan, pressure_rise_units='', ignition_type='concentration', ignition_target='CO2;', ignition_amount=1.6605390000000003e-11, ignition_units='kmol/m3', filename='x10001052.xml', exp_unc=80.0)",0.004022811224094337,True,False,9.0
H + O2 <=> O + OH,3,0.1,"Pandas(T5=2215.0, T5_units='K', P5=156040.5, P5_units='Pa', composition='H2:0.0005, CO:0.1217, O2:0.01, Ar:0.8678', phi=6.11, tau=7.8e-05, tau_units='s', pressure_rise=nan, pressure_rise_units='', ignition_type='concentration', ignition_target='CO2;', ignition_amount=1.6605390000000003e-11, ignition_units='kmol/m3', filename='x10001052.xml', exp_unc=80.0)",0.12271021855007447,False,False,2.0
H2 + O <=> H + OH,5,0.1,"Pandas(T5=2215.0, T5_units='K', P5=156040.5, P5_units='Pa', composition='H2:0.0005, CO:0.1217, O2:0.01, Ar:0.8678', phi=6.11, tau=7.8e-05, tau_units='s', pressure_rise=nan, pressure_rise_units='', ignition_type='concentration', ignition_target='CO2;', ignition_amount=1.6605390000000003e-11, ignition_units='kmol/m3', filename='x10001052.xml', exp_unc=80.0)",0.036144777161681595,False,False,4.0
H2 + OH <=> H + H2O,6,0.1,"Pandas(T5=2215.0, T5_units='K', P5=156040.5, P5_units='Pa', composition='H2:0.0005, CO:0.1217, O2:0.01, Ar:0.8678', phi=6.11, tau=7.8e-05, tau_units='s', pressure_rise=nan, pressure_rise_units='', ignition_type='concentration', ignition_target='CO2;', ignition_amount=1.6605390000000003e-11, ignition_units='kmol/m3', filename='x10001052.xml', exp_unc=80.0)",0.0005686971107891637,True,False,11.0
H + H2O2 <=> H2 + HO2,7,0.1,"Pandas(T5=2215.0, T5_units='K', P5=156040.5, P5_units='Pa', composition='H2:0.0005, CO:0.1217, O2:0.01, Ar:0.8678', phi=6.11, tau=7.8e-05, tau_units='s', pressure_rise=nan, pressure_rise_units='', ignition_type='concentration', ignition_target='CO2;', ignition_amount=1.6605390000000003e-11, ignition_units='kmol/m3', filename='x10001052.xml', exp_unc=80.0)",0.0007177359518080982,True,False,10.0
H + HO2 <=> H2 + O2,11,0.1,"Pandas(T5=2215.0, T5_units='K', P5=156040.5, P5_units='Pa', composition='H2:0.0005, CO:0.1217, O2:0.01, Ar:0.8678', phi=6.11, tau=7.8e-05, tau_units='s', pressure_rise=nan, pressure_rise_units='', ignition_type='concentration', ignition_target='CO2;', ignition_amount=1.6605390000000003e-11, ignition_units='kmol/m3', filename='x10001052.xml', exp_unc=80.0)",0.009900773469013932,True,False,7.0
H + HO2 <=> 2 OH,12,0.1,"Pandas(T5=2215.0, T5_units='K', P5=156040.5, P5_units='Pa', composition='H2:0.0005, CO:0.1217, O2:0.01, Ar:0.8678', phi=6.11, tau=7.8e-05, tau_units='s', pressure_rise=nan, pressure_rise_units='', ignition_type='concentration', ignition_target='CO2;', ignition_amount=1.6605390000000003e-11, ignition_units='kmol/m3', filename='x10001052.xml', exp_unc=80.0)",0.00023719737217214225,True,False,12.0
2 OH <=> H2O + O,17,0.1,"Pandas(T5=2215.0, T5_units='K', P5=156040.5, P5_units='Pa', composition='H2:0.0005, CO:0.1217, O2:0.01, Ar:0.8678', phi=6.11, tau=7.8e-05, tau_units='s', pressure_rise=nan, pressure_rise_units='', ignition_type='concentration', ignition_target='CO2;', ignition_amount=1.6605390000000003e-11, ignition_units='kmol/m3', filename='x10001052.xml', exp_unc=80.0)",0.014562448104500815,False,False,6.0
H2O2 (+M) <=> 2 OH (+M),18,0.1,"Pandas(T5=2215.0, T5_units='K', P5=156040.5, P5_units='Pa', composition='H2:0.0005, CO:0.1217, O2:0.01, Ar:0.8678', phi=6.11, tau=7.8e-05, tau_units='s', pressure_rise=nan, pressure_rise_units='', ignition_type='concentration', ignition_target='CO2;', ignition_amount=1.6605390000000003e-11, ignition_units='kmol/m3', filename='x10001052.xml', exp_unc=80.0)",0.00012867865470778334,True,False,13.0
CO + O (+M) <=> CO2 (+M),27,0.1,"Pandas(T5=2215.0, T5_units='K', P5=156040.5, P5_units='Pa', composition='H2:0.0005, CO:0.1217, O2:0.01, Ar:0.8678', phi=6.11, tau=7.8e-05, tau_units='s', pressure_rise=nan, pressure_rise_units='', ignition_type='concentration', ignition_target='CO2;', ignition_amount=1.6605390000000003e-11, ignition_units='kmol/m3', filename='x10001052.xml', exp_unc=80.0)",0.09145593589296513,False,False,3.0
CO + OH <=> CO2 + H,28,0.1,"Pandas(T5=2215.0, T5_units='K', P5=156040.5, P5_units='Pa', composition='H2:0.0005, CO:0.1217, O2:0.01, Ar:0.8678', phi=6.11, tau=7.8e-05, tau_units='s', pressure_rise=nan, pressure_rise_units='', ignition_type='concentration', ignition_target='CO2;', ignition_amount=1.6605390000000003e-11, ignition_units='kmol/m3', filename='x10001052.xml', exp_unc=80.0)",0.12849706814427955,False,False,1.0
CO + HO2 <=> CO2 + OH,30,0.1,"Pandas(T5=2215.0, T5_units='K', P5=156040.5, P5_units='Pa', composition='H2:0.0005, CO:0.1217, O2:0.01, Ar:0.8678', phi=6.11, tau=7.8e-05, tau_units='s', pressure_rise=nan, pressure_rise_units='', ignition_type='concentration', ignition_target='CO2;', ignition_amount=1.6605390000000003e-11, ignition_units='kmol/m3', filename='x10001052.xml', exp_unc=80.0)",0.006397492913252215,True,False,8.0
H + O + M <=> OH + M,1,0.1,"Pandas(T5=2423.0, T5_units='K', P5=43772.4, P5_units='Pa', composition='H2:0.03, O2:0.01, Ar:0.96', phi=1.5, tau=3.18e-05, tau_units='s', pressure_rise=nan, pressure_rise_units='', ignition_type='max', ignition_target='OH;', ignition_amount='', ignition_units='', filename='x10000029_x.xml', exp_unc=80.0)",0.0007968205355800633,True,False,9.0
H + O2 (+M) <=> HO2 (+M),2,0.1,"Pandas(T5=2423.0, T5_units='K', P5=43772.4, P5_units='Pa', composition='H2:0.03, O2:0.01, Ar:0.96', phi=1.5, tau=3.18e-05, tau_units='s', pressure_rise=nan, pressure_rise_units='', ignition_type='max', ignition_target='OH;', ignition_amount='', ignition_units='', filename='x10000029_x.xml', exp_unc=80.0)",0.0026984292863496007,True,False,6.0
H + O2 <=> O + OH,3,0.1,"Pandas(T5=2423.0, T5_units='K', P5=43772.4, P5_units='Pa', composition='H2:0.03, O2:0.01, Ar:0.96', phi=1.5, tau=3.18e-05, tau_units='s', pressure_rise=nan, pressure_rise_units='', ignition_type='max', ignition_target='OH;', ignition_amount='', ignition_units='', filename='x10000029_x.xml', exp_unc=80.0)",0.12099040324951033,False,False,1.0
H2 + O <=> H + OH,5,0.1,"Pandas(T5=2423.0, T5_units='K', P5=43772.4, P5_units='Pa', composition='H2:0.03, O2:0.01, Ar:0.96', phi=1.5, tau=3.18e-05, tau_units='s', pressure_rise=nan, pressure_rise_units='', ignition_type='max', ignition_target='OH;', ignition_amount='', ignition_units='', filename='x10000029_x.xml', exp_unc=80.0)",0.01785777689083901,False,False,4.0
H2 + OH <=> H + H2O,6,0.1,"Pandas(T5=2423.0, T5_units='K', P5=43772.4, P5_units='Pa', composition='H2:0.03, O2:0.01, Ar:0.96', phi=1.5, tau=3.18e-05, tau_units='s', pressure_rise=nan, pressure_rise_units='', ignition_type='max', ignition_target='OH;', ignition_amount='', ignition_units='', filename='x10000029_x.xml', exp_unc=80.0)",0.025237387952748894,False,False,3.0
H + H2O2 <=> H2 + HO2,7,0.1,"Pandas(T5=2423.0, T5_units='K', P5=43772.4, P5_units='Pa', composition='H2:0.03, O2:0.01, Ar:0.96', phi=1.5, tau=3.18e-05, tau_units='s', pressure_rise=nan, pressure_rise_units='', ignition_type='max', ignition_target='OH;', ignition_amount='', ignition_units='', filename='x10000029_x.xml', exp_unc=80.0)",0.003219288948925927,True,False,5.0
H + HO2 <=> H2 + O2,11,0.1,"Pandas(T5=2423.0, T5_units='K', P5=43772.4, P5_units='Pa', composition='H2:0.03, O2:0.01, Ar:0.96', phi=1.5, tau=3.18e-05, tau_units='s', pressure_rise=nan, pressure_rise_units='', ignition_type='max', ignition_target='OH;', ignition_amount='', ignition_units='', filename='x10000029_x.xml', exp_unc=80.0)",0.028457833215075973,False,False,2.0
H + HO2 <=> 2 OH,12,0.1,"Pandas(T5=2423.0, T5_units='K', P5=43772.4, P5_units='Pa', composition='H2:0.03, O2:0.01, Ar:0.96', phi=1.5, tau=3.18e-05, tau_units='s', pressure_rise=nan, pressure_rise_units='', ignition_type='max', ignition_target='OH;', ignition_amount='', ignition_units='', filename='x10000029_x.xml', exp_unc=80.0)",0.001216420657693271,True,False,8.0
2 OH <=> H2O + O,17,0.1,"Pandas(T5=2423.0, T5_units='K', P5=43772.4, P5_units='Pa', composition='H2:0.03, O2:0.01, Ar:0.96', phi=1.5, tau=3.18e-05, tau_units='s', pressure_rise=nan, pressure_rise_units='', ignition_type='max', ignition_target='OH;', ignition_amount='', ignition_units='', filename='x10000029_x.xml', exp_unc=80.0)",3.544223803439362e-05,True,False,13.0
H2O2 (+M) <=> 2 OH (+M),18,0.1,"Pandas(T5=2423.0, T5_units='K', P5=43772.4, P5_units='Pa', composition='H2:0.03, O2:0.01, Ar:0.96', phi=1.5, tau=3.18e-05, tau_units='s', pressure_rise=nan, pressure_rise_units='', ignition_type='max', ignition_target='OH;', ignition_amount='', ignition_units='', filename='x10000029_x.xml', exp_unc=80.0)",0.00025576219401119647,True,False,10.0
CO + O (+M) <=> CO2 (+M),27,0.1,"Pandas(T5=2423.0, T5_units='K', P5=43772.4, P5_units='Pa', composition='H2:0.03, O2:0.01, Ar:0.96', phi=1.5, tau=3.18e-05, tau_units='s', pressure_rise=nan, pressure_rise_units='', ignition_type='max', ignition_target='OH;', ignition_amount='', ignition_units='', filename='x10000029_x.xml', exp_unc=80.0)",0.0013481653497068975,True,False,7.0
CO + OH <=> CO2 + H,28,0.1,"Pandas(T5=2423.0, T5_units='K', P5=43772.4, P5_units='Pa', composition='H2:0.03, O2:0.01, Ar:0.96', phi=1.5, tau=3.18e-05, tau_units='s', pressure_rise=nan, pressure_rise_units='', ignition_type='max', ignition_target='OH;', ignition_amount='', ignition_units='', filename='x10000029_x.xml', exp_unc=80.0)",3.88547040189301e-05,True,False,12.0
CO + HO2 <=> CO2 + OH,30,0.1,"Pandas(T5=2423.0, T5_units='K', P5=43772.4, P5_units='Pa', composition='H2:0.03, O2:0.01, Ar:0.96', phi=1.5, tau=3.18e-05, tau_units='s', pressure_rise=nan, pressure_rise_units='', ignition_type='max', ignition_target='OH;', ignition_amount='', ignition_units='', filename='x10000029_x.xml', exp_unc=80.0)",0.00012292598029364004,True,False,11.0
H + O + M <=> OH + M,1,0.1,"Pandas(T5=2675.0, T5_units='K', P5=182385.0, P5_units='Pa', composition='H2:0.00049, CO:0.0328, O2:0.0101, Ar:0.95661', phi=1.6480198019801982, tau=5.4999999999999995e-05, tau_units='s', pressure_rise=nan, pressure_rise_units='', ignition_type='concentration', ignition_target='CO2;', ignition_amount=1.328431e-11, ignition_units='kmol/m3', filename='x10001050.xml', exp_unc=80.0)",0.007811272901538252,True,False,6.0
H + O2 (+M) <=> HO2 (+M),2,0.1,"Pandas(T5=2675.0, T5_units='K', P5=182385.0, P5_units='Pa', composition='H2:0.00049, CO:0.0328, O2:0.0101, Ar:0.95661', phi=1.6480198019801982, tau=5.4999999999999995e-05, tau_units='s', pressure_rise=nan, pressure_rise_units='', ignition_type='concentration', ignition_target='CO2;', ignition_amount=1.328431e-11, ignition_units='kmol/m3', filename='x10001050.xml', exp_unc=80.0)",0.00185789850838478,True,False,8.0
H + O2 <=> O + OH,3,0.1,"Pandas(T5=2675.0, T5_units='K', P5=182385.0, P5_units='Pa', composition='H2:0.00049, CO:0.0328, O2:0.0101, Ar:0.95661', phi=1.6480198019801982, tau=5.4999999999999995e-05, tau_units='s', pressure_rise=nan, pressure_rise_units='', ignition_type='concentration', ignition_target='CO2;', ignition_amount=1.328431e-11, ignition_units='kmol/m3', filename='x10001050.xml', exp_unc=80.0)",0.03403365967162405,False,False,2.0
H2 + O <=> H + OH,5,0.1,"Pandas(T5=2675.0, T5_units='K', P5=182385.0, P5_units='Pa', composition='H2:0.00049, CO:0.0328, O2:0.0101, Ar:0.95661', phi=1.6480198019801982, tau=5.4999999999999995e-05, tau_units='s', pressure_rise=nan, pressure_rise_units='', ignition_type='concentration', ignition_target='CO2;', ignition_amount=1.328431e-11, ignition_units='kmol/m3', filename='x10001050.xml', exp_unc=80.0)",0.027300950039859658,False,False,3.0
H2 + OH <=> H + H2O,6,0.1,"Pandas(T5=2675.0, T5_units='K', P5=182385.0, P5_units='Pa', composition='H2:0.00049, CO:0.0328, O2:0.0101, Ar:0.95661', phi=1.6480198019801982, tau=5.4999999999999995e-05, tau_units='s', pressure_rise=nan, pressure_rise_units='', ignition_type='concentration', ignition_target='CO2;', ignition_amount=1.328431e-11, ignition_units='kmol/m3', filename='x10001050.xml', exp_unc=80.0)",0.0015655956566999589,True,False,9.0
H + H2O2 <=> H2 + HO2,7,0.1,"Pandas(T5=2675.0, T5_units='K', P5=182385.0, P5_units='Pa', composition='H2:0.00049, CO:0.0328, O2:0.0101, Ar:0.95661', phi=1.6480198019801982, tau=5.4999999999999995e-05, tau_units='s', pressure_rise=nan, pressure_rise_units='', ignition_type='concentration', ignition_target='CO2;', ignition_amount=1.328431e-11, ignition_units='kmol/m3', filename='x10001050.xml', exp_unc=80.0)",0.0010117166801989293,True,False,11.0
H + HO2 <=> H2 + O2,11,0.1,"Pandas(T5=2675.0, T5_units='K', P5=182385.0, P5_units='Pa', composition='H2:0.00049, CO:0.0328, O2:0.0101, Ar:0.95661', phi=1.6480198019801982, tau=5.4999999999999995e-05, tau_units='s', pressure_rise=nan, pressure_rise_units='', ignition_type='concentration', ignition_target='CO2;', ignition_amount=1.328431e-11, ignition_units='kmol/m3', filename='x10001050.xml', exp_unc=80.0)",0.01569667089887027,False,False,4.0
H + HO2 <=> 2 OH,12,0.1,"Pandas(T5=2675.0, T5_units='K', P5=182385.0, P5_units='Pa', composition='H2:0.00049, CO:0.0328, O2:0.0101, Ar:0.95661', phi=1.6480198019801982, tau=5.4999999999999995e-05, tau_units='s', pressure_rise=nan, pressure_rise_units='', ignition_type='concentration', ignition_target='CO2;', ignition_amount=1.328431e-11, ignition_units='kmol/m3', filename='x10001050.xml', exp_unc=80.0)",0.0012004160223541105,True,False,10.0
2 OH <=> H2O + O,17,0.1,"Pandas(T5=2675.0, T5_units='K', P5=182385.0, P5_units='Pa', composition='H2:0.00049, CO:0.0328, O2:0.0101, Ar:0.95661', phi=1.6480198019801982, tau=5.4999999999999995e-05, tau_units='s', pressure_rise=nan, pressure_rise_units='', ignition_type='concentration', ignition_target='CO2;', ignition_amount=1.328431e-11, ignition_units='kmol/m3', filename='x10001050.xml', exp_unc=80.0)",0.004807397774137463,True,False,7.0
H2O2 (+M) <=> 2 OH (+M),18,0.1,"Pandas(T5=2675.0, T5_units='K', P5=182385.0, P5_units='Pa', composition='H2:0.00049, CO:0.0328, O2:0.0101, Ar:0.95661', phi=1.6480198019801982, tau=5.4999999999999995e-05, tau_units='s', pressure_rise=nan, pressure_rise_units='', ignition_type='concentration', ignition_target='CO2;', ignition_amount=1.328431e-11, ignition_units='kmol/m3', filename='x10001050.xml', exp_unc=80.0)",0.00044956301019011307,True,False,13.0
CO + O (+M) <=> CO2 (+M),27,0.1,"Pandas(T5=2675.0, T5_units='K', P5=182385.0, P5_units='Pa', composition='H2:0.00049, CO:0.0328, O2:0.0101, Ar:0.95661', phi=1.6480198019801982, tau=5.4999999999999995e-05, tau_units='s', pressure_rise=nan, pressure_rise_units='', ignition_type='concentration', ignition_target='CO2;', ignition_amount=1.328431e-11, ignition_units='kmol/m3', filename='x10001050.xml', exp_unc=80.0)",0.011843285129341078,True,False,5.0
CO + OH <=> CO2 + H,28,0.1,"Pandas(T5=2675.0, T5_units='K', P5=182385.0, P5_units='Pa', composition='H2:0.00049, CO:0.0328, O2:0.0101, Ar:0.95661', phi=1.6480198019801982, tau=5.4999999999999995e-05, tau_units='s', pressure_rise=nan, pressure_rise_units='', ignition_type='concentration', ignition_target='CO2;', ignition_amount=1.328431e-11, ignition_units='kmol/m3', filename='x10001050.xml', exp_unc=80.0)",0.14149220656291883,False,False,1.0
CO + HO2 <=> CO2 + OH,30,0.1,"Pandas(T5=2675.0, T5_units='K', P5=182385.0, P5_units='Pa', composition='H2:0.00049, CO:0.0328, O2:0.0101, Ar:0.95661', phi=1.6480198019801982, tau=5.4999999999999995e-05, tau_units='s', pressure_rise=nan, pressure_rise_units='', ignition_type='concentration', ignition_target='CO2;', ignition_amount=1.328431e-11, ignition_units='kmol/m3', filename='x10001050.xml', exp_unc=80.0)",0.0005338070704544532,True,False,12.0
H + O + M <=> OH + M,1,0.1,"Pandas(T5=2375.0, T5_units='K', P5=172252.5, P5_units='Pa', composition='H2:0.0005, CO:0.1217, O2:0.01, Ar:0.8678', phi=6.11, tau=5.8e-05, tau_units='s', pressure_rise=nan, pressure_rise_units='', ignition_type='concentration', ignition_target='CO2;', ignition_amount=1.6605390000000003e-11, ignition_units='kmol/m3', filename='x10001052.xml', exp_unc=80.0)",0.018781266578503004,False,False,5.0
H + O2 (+M) <=> HO2 (+M),2,0.1,"Pandas(T5=2375.0, T5_units='K', P5=172252.5, P5_units='Pa', composition='H2:0.0005, CO:0.1217, O2:0.01, Ar:0.8678', phi=6.11, tau=5.8e-05, tau_units='s', pressure_rise=nan, pressure_rise_units='', ignition_type='concentration', ignition_target='CO2;', ignition_amount=1.6605390000000003e-11, ignition_units='kmol/m3', filename='x10001052.xml', exp_unc=80.0)",0.001682791781751583,True,False,10.0
H + O2 <=> O + OH,3,0.1,"Pandas(T5=2375.0, T5_units='K', P5=172252.5, P5_units='Pa', composition='H2:0.0005, CO:0.1217, O2:0.01, Ar:0.8678', phi=6.11, tau=5.8e-05, tau_units='s', pressure_rise=nan, pressure_rise_units='', ignition_type='concentration', ignition_target='CO2;', ignition_amount=1.6605390000000003e-11, ignition_units='kmol/m3', filename='x10001052.xml', exp_unc=80.0)",0.09434124090131285,False,False,2.0
H2 + O <=> H + OH,5,0.1,"Pandas(T5=2375.0, T5_units='K', P5=172252.5, P5_units='Pa', composition='H2:0.0005, CO:0.1217, O2:0.01, Ar:0.8678', phi=6.11, tau=5.8e-05, tau_units='s', pressure_rise=nan, pressure_rise_units='', ignition_type='concentration', ignition_target='CO2;', ignition_amount=1.6605390000000003e-11, ignition_units='kmol/m3', filename='x10001052.xml', exp_unc=80.0)",0.0438164044144313,False,False,4.0
H2 + OH <=> H + H2O,6,0.1,"Pandas(T5=2375.0, T5_units='K', P5=172252.5, P5_units='Pa', composition='H2:0.0005, CO:0.1217, O2:0.01, Ar:0.8678', phi=6.11, tau=5.8e-05, tau_units='s', pressure_rise=nan, pressure_rise_units='', ignition_type='concentration', ignition_target='CO2;', ignition_amount=1.6605390000000003e-11, ignition_units='kmol/m3', filename='x10001052.xml', exp_unc=80.0)",0.004660252639558637,True,False,8.0
H + H2O2 <=> H2 + HO2,7,0.1,"Pandas(T5=2375.0, T5_units='K', P5=172252.5, P5_units='Pa', composition='H2:0.0005, CO:0.1217, O2:0.01, Ar:0.8678', phi=6.11, tau=5.8e-05, tau_units='s', pressure_rise=nan, pressure_rise_units='', ignition_type='concentration', ignition_target='CO2;', ignition_amount=1.6605390000000003e-11, ignition_units='kmol/m3', filename='x10001052.xml', exp_unc=80.0)",0.0007180123956847783,True,False,12.0
H + HO2 <=> H2 + O2,11,0.1,"Pandas(T5=2375.0, T5_units='K', P5=172252.5, P5_units='Pa', composition='H2:0.0005, CO:0.1217, O2:0.01, Ar:0.8678', phi=6.11, tau=5.8e-05, tau_units='s', pressure_rise=nan, pressure_rise_units='', ignition_type='concentration', ignition_target='CO2;', ignition_amount=1.6605390000000003e-11, ignition_units='kmol/m3', filename='x10001052.xml', exp_unc=80.0)",0.011219908572631311,True,False,6.0
H + HO2 <=> 2 OH,12,0.1,"Pandas(T5=2375.0, T5_units='K', P5=172252.5, P5_units='Pa', composition='H2:0.0005, CO:0.1217, O2:0.01, Ar:0.8678', phi=6.11, tau=5.8e-05, tau_units='s', pressure_rise=nan, pressure_rise_units='', ignition_type='concentration', ignition_target='CO2;', ignition_amount=1.6605390000000003e-11, ignition_units='kmol/m3', filename='x10001052.xml', exp_unc=80.0)",0.0006920150115047473,True,False,13.0
2 OH <=> H2O + O,17,0.1,"Pandas(T5=2375.0, T5_units='K', P5=172252.5, P5_units='Pa', composition='H2:0.0005, CO:0.1217, O2:0.01, Ar:0.8678', phi=6.11, tau=5.8e-05, tau_units='s', pressure_rise=nan, pressure_rise_units='', ignition_type='concentration', ignition_target='CO2;', ignition_amount=1.6605390000000003e-11, ignition_units='kmol/m3', filename='x10001052.xml', exp_unc=80.0)",0.00963118484239601,True,False,7.0
H2O2 (+M) <=> 2 OH (+M),18,0.1,"Pandas(T5=2375.0, T5_units='K', P5=172252.5, P5_units='Pa', composition='H2:0.0005, CO:0.1217, O2:0.01, Ar:0.8678', phi=6.11, tau=5.8e-05, tau_units='s', pressure_rise=nan, pressure_rise_units='', ignition_type='concentration', ignition_target='CO2;', ignition_amount=1.6605390000000003e-11, ignition_units='kmol/m3', filename='x10001052.xml', exp_unc=80.0)",0.000746651455485286,True,False,11.0
CO + O (+M) <=> CO2 (+M),27,0.1,"Pandas(T5=2375.0, T5_units='K', P5=172252.5, P5_units='Pa', composition='H2:0.0005, CO:0.1217, O2:0.01, Ar:0.8678', phi=6.11, tau=5.8e-05, tau_units='s', pressure_rise=nan, pressure_rise_units='', ignition_type='concentration', ignition_target='CO2;', ignition_amount=1.6605390000000003e-11, ignition_units='kmol/m3', filename='x10001052.xml', exp_unc=80.0)",0.05585847307592016,False,False,3.0
CO + OH <=> CO2 + H,28,0.1,"Pandas(T5=2375.0, T5_units='K', P5=172252.5, P5_units='Pa', composition='H2:0.0005, CO:0.1217, O2:0.01, Ar:0.8678', phi=6.11, tau=5.8e-05, tau_units='s', pressure_rise=nan, pressure_rise_units='', ignition_type='concentration', ignition_target='CO2;', ignition_amount=1.6605390000000003e-11, ignition_units='kmol/m3', filename='x10001052.xml', exp_unc=80.0)",0.11410361005621283,False,False,1.0
CO + HO2 <=> CO2 + OH,30,0.1,"Pandas(T5=2375.0, T5_units='K', P5=172252.5, P5_units='Pa', composition='H2:0.0005, CO:0.1217, O2:0.01, Ar:0.8678', phi=6.11, tau=5.8e-05, tau_units='s', pressure_rise=nan, pressure_rise_units='', ignition_type='concentration', ignition_target='CO2;', ignition_amount=1.6605390000000003e-11, ignition_units='kmol/m3', filename='x10001052.xml', exp_unc=80.0)",0.0018688857016695385,True,False,9.0
