equation,nominal,lb,ub
H2 + OH <=> H + H2O,1.0,0.3584979361896245,2.789416337033132
H + O2 <=> O + OH,1.0,0.31622776601683794,3.1622776601683795
H2 + O <=> H + OH,1.0,0.33685917858806236,2.9685995322777825
2 H + M <=> H2 + M,1.0,0.31622776601683794,3.1622776601683795
HCO + O <=> CO + OH,1.0,0.31622776601683794,3.1622776601683795
H + HO2 <=> 2 OH,1.0,0.31622776601683794,3.1622776601683795
H + HCO <=> CO + H2,1.0,0.3470490741851578,2.8814368756001336
C + OH <=> CO + H,1.0,0.31622776601683794,3.1622776601683795
H + O2 (+M) <=> HO2 (+M),1.0,0.31622776601683794,3.1622776601683795
